word,dim1,dim2,dim3
الله,1.2323482,-0.63008934,1.8545806
قال,0.97376305,-1.2626073,-0.07166152
ارض,1.3231239,0.743003,2.6824534
كفر,1.0322939,0.6991431,-0.670529
يوم,1.338629,2.7890625,-0.44345564
ءامن,1.2377584,-0.88475865,-2.2734947
رسول,1.1328303,-1.398352,-0.37845397
قوم,1.1483078,-0.71534044,-0.68053627
عذاب,1.8143941,4.402524,-0.9537519
عمل,1.2804077,1.620635,-1.1484121
حق,0.97062445,-0.91778815,-0.06627284
ظلم,1.0009726,0.70319146,-0.2649069
جاء,1.1437265,-1.4924792,-0.3844274
ناس,0.92482036,-1.0100092,-0.35476407
خلق,1.3143709,-0.03200173,2.514326
كذب,1.5304446,0.11313508,0.8411727
مؤمن,1.2793815,-0.88786596,-1.1381842
فان,1.16208,-0.47532752,1.0540837
كتاب,1.6142342,-3.3108628,-2.1276867
اولئك,1.318814,2.528901,-0.7750216
شاء,1.3836014,0.1729361,2.831204
شيء,1.369958,-0.43287826,2.4593716
هدى,0.93802065,-0.28138188,0.0771259
سمت,1.2164475,-1.2178198,2.254522
امر,0.9514672,-0.45489833,0.1528879
خير,0.94909996,0.37011737,0.25641346
سبيل,1.1273376,0.18107715,0.17167318
ذكر,1.0621419,-0.54695773,-0.34605893
اخر,1.3715321,2.3888395,-0.7232085
انما,1.2133316,-1.411324,0.27604657
آمن,1.0124784,-0.6374713,-0.75100106
انزل,1.2840598,-2.7749138,-0.9395124
عليم,1.4551146,-1.8586208,1.7844093
انفس,1.0080233,0.49768072,0.46888244
اتقى,0.9427838,-0.46224093,0.032321345
اني,1.0554439,-0.31758094,-0.23989311
ياي,1.4064008,-1.6750556,-1.6105283
صلح,1.2948664,0.8162372,-2.4559376
نار,1.2091303,2.5622287,-0.2954242
قلب,1.012906,-0.24397452,-0.6704114
مبين,1.0432006,-1.1573638,-0.40924028
انتم,0.90796685,-0.14777164,-0.16139439
ملك,1.1597642,-0.19237219,1.7936383
سماء,1.2062097,-1.029245,0.39221957
قتل,1.160895,-0.15538885,0.653578
دنيا,1.9303701,4.137391,-0.35469317
اتبع,1.213776,-0.7840859,-0.94028926
رحيم,2.1544187,0.47301188,4.5552707
رحمة,1.1095507,0.4874047,0.092491865
موسى,1.1008426,-1.5736272,-1.000318
عظيم,1.2504114,2.555479,0.8571742
وعد,1.0362762,0.9019442,-0.107640095
سمع,1.1601903,-0.48259857,0.074700564
اهل,1.1756198,-0.7540069,-0.7360159
عبد,1.0489265,-1.0105784,0.38486585
عزيز,1.544201,-1.7796543,1.5494951
كتب,0.9998079,-0.61208713,-0.4665372
جنة,1.2400082,2.2456572,-0.53057456
دعا,0.99500126,0.06326562,0.40652153
حكيم,1.4342397,0.4909028,3.5523365
دين,1.2278214,-0.3610766,0.048740312
صدق,0.99040574,0.09819798,-0.04801445
قول,1.1453283,-0.47750688,-0.04638483
فضل,1.0277889,0.7743333,0.62185675
اعلم,1.0863001,-0.872165,1.1701204
باي,1.2499384,-0.58760315,0.3936976
ارسل,1.1934731,-1.2473772,-0.29635602
غفور,1.7299029,-1.3174242,2.098568
اما,1.2413223,0.36186984,-0.65864027
اله,1.1384286,-1.5868685,0.89981943
ايمن,1.179661,-0.18659991,-0.12736832
عباد,1.2082003,-0.36255667,0.7238631
يك,1.3737202,-1.3414221,-1.4371127
الم,1.038096,-0.68377745,0.19260618
قيمة,0.8654494,1.5082436,0.006064923
اول,1.2393446,-0.6991959,-0.023210062
اكثر,0.9275568,-0.5495065,-0.014689549
ءاي,0.99005723,-0.74348474,0.15419333
اليم,1.1360425,2.5430257,-0.94611555
نزل,1.1628852,-0.82825446,0.08995558
شي,1.0641378,0.28558692,0.6665336
اصحب,1.2869515,1.9033866,-0.80480385
جهنم,1.1340436,1.8240086,-0.18084592
خرج,0.954775,-0.04333898,-0.07417123
حكم,1.2129356,-1.0664666,-0.24278788
أراد,1.1860029,0.43571797,-0.08118078
تولى,0.9945166,-0.28728753,-0.112905055
شهد,0.9847649,-0.6023395,0.120061606
كثير,1.3024824,-0.4395464,-0.060476057
ضل,1.0303319,-0.428084,1.3692356
وجه,1.2205938,0.5104823,-0.55463344
ملئك,0.9065482,-0.42673776,0.074008055
يل,1.2158278,0.27240485,0.3902066
فرعون,1.0948809,-0.4896213,-0.42436594
دخل,1.1090479,1.8489025,-0.5928441
قليل,1.3212831,0.27731267,-0.462414
بشر,1.0875095,0.020927586,-0.30678698
حيو,1.631233,2.930553,-0.5923417
بيت,1.2318779,-0.41957515,-0.7969979
صلو,1.5096065,-2.2585464,-2.654346
شيطن,1.2363241,-0.16722566,-1.0717206
ولد,1.4033998,-0.2053527,0.7038853
حسن,1.1114095,1.0306945,-0.19698317
سوء,1.189657,0.92228675,-0.0801909
نصر,1.1806757,0.8202038,0.44506443
ايدي,1.2356782,-0.29682827,0.0007363734
انسن,0.90878683,-0.08426579,0.22862668
قدر,0.9333539,-0.45619956,1.0488459
اخذ,1.1361331,0.39003226,-0.15660428
احسن,0.91617537,0.11113438,-0.38767874
جنى,1.9512941,3.0483873,-0.43591985
ماء,1.2635221,0.2088643,0.6678398
نظر,1.0693786,0.05803208,0.07097732
سلم,1.002483,0.21396272,-0.02547901
أحب,1.2433516,0.19964972,0.09742895
رجل,1.0071739,-0.37259248,0.0066320724
بلغ,1.2580389,-0.85000056,-0.11853836
كسب,0.88745004,0.7562423,0.09701452
بنون,1.0221529,-0.6780585,-0.30219054
ظن,1.0302049,0.5368718,-0.038966697
خلد,1.2785196,3.089621,-0.073675506
ايتنا,1.1954641,0.418454,-0.57797736
نبي,1.1640282,-0.968762,-0.82534087
قرء,1.1731573,-0.8578169,-0.47630745
نهار,1.0964416,0.01637181,0.11614927
قرية,1.3308401,-0.2967614,-0.608077
رحمن,1.279547,-1.3044516,-0.6475681
اجر,1.1762404,1.1513944,-0.6841447
شهيد,1.253862,-0.63218826,0.29928175
جرى,1.7823706,3.6127167,-0.52423096
اعمل,1.0905021,0.563824,-0.4112222
انت,1.3218561,-0.63898,0.8798356
اذن,0.9867642,-0.33445072,0.290136
نساء,1.4403602,0.25557062,-0.11680776
احد,1.2525347,-0.08881579,0.017022554
موت,1.1065276,-0.41112378,0.12372584
غيب,1.3104515,0.06750738,0.98988837
انك,1.4428897,-0.47810194,0.58657277
مجرم,0.76137096,0.19827276,-0.09649073
اجل,1.0935043,0.21034499,0.46150205
شديد,0.91364795,1.0139669,-0.08297425
غفر,1.0019999,0.35706604,1.3597786
تاب,1.1696723,-0.42986917,0.5818735
ءايت,0.94313705,-1.1213385,-0.7376011
انعم,1.0904485,-0.10298417,0.31759396
بصير,0.7241317,-0.6826008,0.11073744
انهر,2.041056,4.4469814,-0.21758182
ابرهيم,1.1461811,-0.8526458,-0.49359092
حرم,1.1080389,-0.44243082,0.09086142
حمل,1.0133678,-0.08550619,0.19451377
متقي,1.203203,0.74104095,-0.4724901
عدو,1.0853152,-0.72061485,-1.316554
يد,1.2659183,-0.8140798,-0.30968302
خسر,1.2539274,0.99240375,0.095501125
عقل,1.11621,-0.3766327,0.022549508
افل,1.0024122,-0.3401941,0.2906764
باني,0.9990212,-0.115682274,-0.09025654
شكر,1.3363581,-0.06184637,0.14965996
اخرج,1.2474456,-0.4071898,-0.15627192
سحر,1.1016304,-0.6086834,-0.5881503
سميع,0.98690355,-0.30646604,1.332717
امول,1.366437,0.5856521,-0.012921159
اذكر,1.1302447,-1.2316443,-0.3333227
مشرك,1.2205997,-0.58221084,-0.10765784
أشرك,0.761233,0.020657204,0.5490893
كبير,1.3832755,0.049737737,-0.15166149
طيب,1.0592229,0.29440832,-0.19715188
فسق,1.3450451,-0.387804,-0.30392626
مسلم,0.9818904,-0.568923,-0.20079118
خبير,0.58311284,-0.61021894,0.22472079
ضرب,1.2056189,-0.19002542,-0.22757539
قدير,1.2504265,-0.5882902,1.4492013
ضلل,1.1503968,-0.60230476,-0.95997864
افترى,0.54811627,0.04376863,0.53261775
نوح,0.68091094,-0.7910858,-0.39124063
بعث,0.49745777,-0.21041413,-0.086409524
تلا,1.109315,-0.80150604,-0.56043386
ضر,1.0735162,0.48334903,0.71668243
نذير,1.1605465,-0.85928226,-0.36489078
حمد,1.1879548,-0.56591034,-0.30976433
صراط,1.3539805,2.216487,-0.54338086
ابصر,1.4907473,0.32198602,0.014813507
حد,1.2515355,-0.62233335,0.24514893
نور,1.3515846,-0.08655819,-1.6335171
مس,1.1071484,0.7017133,0.02251959
سبح,0.7616177,-0.032338887,0.7378053
صدر,1.1379526,-0.16726227,0.49534333
اسرءيل,1.1702821,-0.95803076,-0.35667044
سنة,0.97176373,-0.14769362,0.25110143
خاف,1.0600302,0.19492874,-0.24188618
عهد,1.0883197,-0.3156774,0.09191825
نعمة,1.2515781,-0.42216048,0.0013949155
اختلف,0.7972897,-0.032778643,-0.09359102
رد,1.1412739,0.6012846,0.1646725
أنفق,1.4398665,-1.3385568,-1.308362
حزن,1.4670323,-0.117426954,-0.29126546
مرسل,0.68374413,-0.10877135,-0.1828531
ذنب,0.9757774,0.31524158,0.47460124
معروف,1.0616052,-0.1957562,-0.16561408
اشد,1.0669901,0.0032986586,0.07022044
فتنة,0.7762458,0.09188294,0.114435546
حساب,0.72304773,0.3621357,0.14879687
جبل,0.7080945,-0.019841539,0.20793007
ازوج,1.0851142,0.28069595,0.34437123
انظر,1.1214261,0.30541447,0.06778664
مكر,0.8339532,0.50009257,0.032390624
محسن,1.2071787,-0.10691603,0.0031644956
بحر,1.3316302,0.50226027,0.098395854
شريك,0.78715754,-0.10577655,0.52032036
مستقيم,1.430694,-0.93623906,0.34869587
سي,0.84622234,1.0318986,-0.4636475
قضى,0.95969164,-0.23755941,0.0026619397
استكبر,0.9689025,-0.31563294,-0.45604923
آتى,0.8521217,-0.21246265,0.20712139
اولياء,0.49191576,0.048963424,-0.18942302
استطاع,0.8084356,0.062838994,0.3260743
اولم,0.51424074,-0.37826937,0.4519983
اوحي,0.84525687,-0.9511258,-0.61679554
ميت,1.1282918,-0.31131494,0.3996506
اثم,1.345418,0.029522954,0.32183143
امن,0.85962445,-0.37005812,0.2568132
بر,1.3517736,-0.10196967,-0.11082989
تبع,1.1515468,-0.4376124,0.09845551
رضي,1.125173,0.66142344,0.09208161
نفع,0.791877,-0.030865286,0.25597522
جزاء,1.0678675,1.2659402,-0.0769468
استغفر,0.9139478,-0.34803426,0.8322676
متعة,1.3269411,1.116497,0.085916266
عقبة,0.64882153,0.33626008,0.27820238
اعبد,1.182209,-0.6400644,-0.031507418
دار,0.9616314,0.88860124,-0.12883173
اهتدى,1.2020595,-0.46991208,0.27027294
اهلك,1.0617735,0.052127037,-0.19365607
نادى,0.8443802,0.30382568,-0.13629654
ءالاء,0.94283783,-0.12698983,0.43363133
زاد,1.3349451,0.12030839,-1.3667319
فريق,0.83452314,-0.45484683,-0.22084893
اوتو,0.7334773,-0.6709969,-0.30480286
شمس,0.9636294,0.43131557,0.087095805
فصل,0.79132706,0.14293797,0.04097482
والي,0.82167524,0.026012722,0.34316355
ذري,0.97935075,-0.16942185,-0.24421811
كلمة,1.0370021,-0.016930625,-0.09702799
سخر,0.4582337,0.6721166,0.089178175
مال,0.7486031,0.010583082,-0.13620295
ءايتنا,0.90291125,-0.035649456,-0.3397956
زكو,1.0923868,-0.73761666,-1.1119276
الاي,0.7426258,-0.17733553,0.29001695
ظهر,1.0899599,0.0042504547,0.19712564
كافر,1.2746142,0.27891198,-0.07464236
ودع,0.7692385,0.19278604,0.22808222
وحدة,0.9757075,-0.056742102,0.24536487
اولى,0.37812912,0.13471007,-0.18599473
جناح,1.3795168,0.047365334,-0.01709749
ءاتي,1.1429542,-0.7065067,-0.19070481
اي,0.78427887,-0.17231804,-0.13319698
عذب,0.7104051,0.7048935,0.45956814
نسي,1.384902,0.16490225,0.29154125
اطيع,0.33257586,-1.0164366,0.06633434
ويل,0.5063349,0.19880319,-0.09305776
كره,0.8847485,-0.23549183,0.05510013
لايت,0.9339476,0.024153894,0.37305796
كلم,1.0158778,-0.1318086,0.23338689
سجد,0.9293694,-0.16226204,0.104664125
تاكل,0.8895178,0.15202028,-0.1219169
خشي,0.51206046,-0.18266319,-0.040627006
استوى,1.4607977,-0.013604411,0.42962664
فتح,0.56722045,0.19529702,0.28782755
اجمع,0.9271665,0.059320055,-0.08444851
عرش,0.80812484,0.14218739,0.40023315
ادخل,1.1871693,0.68312055,-0.09229315
ريح,0.8273403,0.11637449,0.029184427
أغنى,0.5218433,0.41002476,0.35858914
قوة,1.0373527,-0.009929004,0.3219061
كريم,0.50142986,0.00060956343,-0.05790112
مريم,1.1060239,-0.53186303,-0.032990094
كفى,0.66737294,-0.48007822,0.51951635
انى,0.7672817,-0.2633104,0.31901512
ثلث,0.9932738,-0.32818082,0.12806442
اتى,0.67323333,0.058165543,-0.052499086
صد,0.5035566,0.018540584,-0.08388464
مات,0.62679935,0.56234986,0.0025032843
لبث,0.6745537,0.12470058,0.079862446
شعر,1.4582442,1.1123327,-0.050553266
منفق,0.44315693,0.06796139,-0.019869566
رحم,0.6566203,0.017030623,0.23733233
قرن,0.894513,-0.1582872,-0.18997167
مغفرة,0.69511336,0.903773,-0.35143346
مسجد,1.0165246,-0.23134242,0.09420564
غفل,0.9163483,0.2610631,-0.2044254
ابدا,1.191613,1.1211516,0.088665314
خوف,1.1342933,-0.3320795,-0.69835454
أطاع,0.46666828,0.0075608417,-0.17308001
كيد,0.88464147,0.12660308,0.05136178
مصير,0.66384697,0.81206954,0.15789726
جهد,0.79214203,-0.09459168,-0.15300784
مكان,0.5968919,0.12105448,-0.012579103
والى,0.48486954,-0.25508147,0.15235008
سواء,1.3601484,-0.5188131,0.07783547
اراد,1.1360625,0.7968385,0.07323459
شر,0.68294615,0.29247004,0.03098249
امرا,1.027227,-0.19372803,0.08065679
ياتي,0.5780565,0.22027141,-0.27948615
فات,1.2651283,-0.09461676,0.11283172
بنى,0.9628291,-0.4367032,-0.16990985
اجرا,0.5632779,0.7914163,-0.23042312
قمر,0.5562517,0.37859154,0.09963537
يوسف,0.730439,-0.06594768,0.03783963
شجرة,1.0522957,0.23989046,-0.028813105
سلطن,0.56333244,-0.55706984,-0.36870107
اخرى,0.8115307,0.15423042,0.23799424
جحيم,0.30528027,0.20171236,-0.13085581
غلب,0.54519176,0.018871715,0.005085506
قدم,0.5332609,0.011690209,-0.19992119
باس,0.7401207,0.2681658,-0.29559654
ايام,1.0133411,0.13151775,0.3509144
اصبر,0.73615986,-0.3249646,-0.11406586
زوج,1.1104723,-0.06873103,0.081962354
اصلح,0.8566396,-0.24923001,0.31590798
ثمود,0.61096287,-0.01731644,-0.17146295
لوط,0.4372852,-0.32154095,-0.06680014
تعلم,0.7286999,-0.15137994,0.31539077
اسلم,1.083661,-0.1497254,0.08084941
وسع,1.2113706,-0.13196611,0.5953503
حرام,0.89807934,-0.1774279,0.09453969
عدل,1.3869926,-0.044022717,0.10831522
بطل,1.0792998,-0.09453345,-0.11492971
أخفى,0.77111405,-0.25551534,0.21612476
اعرض,0.691259,-0.13949226,0.09076358
بعيد,0.7214653,0.14586349,-0.01637969
زين,0.4501955,0.34704596,-0.14162749
خلدون,1.2228886,1.2039856,-0.12376581
ابتغى,0.69145817,0.090449646,0.3109577
جمع,0.34097925,0.13769946,0.14551562
نذر,0.4103922,0.15263818,-0.09683173
سبق,0.44792923,-0.02737173,-0.15004176
طعام,1.0038259,0.102981545,-0.15603174
اكبر,0.7902766,0.24385205,-0.0703751
يموسى,0.85274696,-0.11450101,-0.096261345
اسم,0.6879273,-0.105422154,-0.036375843
وكيل,0.39506638,-0.3584755,0.30103686
قريب,0.9092095,0.1480554,-0.016102731
روح,0.9373596,-0.22638063,-0.02833415
أصاب,0.88823795,0.3293326,-0.07464865
طائفة,0.6049829,-0.40007254,-0.32451722
نصير,0.64564985,0.47129753,0.12540616
اخاف,0.060073353,0.3691438,-0.07095551
نجز,0.431208,0.2370038,-0.1977976
تاتي,0.57528794,-0.12581824,-0.1678055
جن,0.58676493,0.09448194,-0.043728746
قل,0.5802861,-0.26055297,-0.05628455
صلى,0.45068765,0.20603971,-0.14881518
عد,1.1047504,0.047304954,0.14993463
عرض,1.2123553,1.5161303,0.15103367
أضل,0.4323116,0.23268752,0.32015347
أبصر,1.3843702,-0.3758713,-0.26831254
انفق,0.59175634,-0.2626929,-0.14878361
أفلح,0.66246796,-0.11843811,0.110676415
ذكرى,0.16164862,-0.14838381,-0.09825507
قطع,1.3373758,0.45135978,-0.09970179
حديث,0.53574026,-0.07957098,-0.16142866
مسكين,0.8332003,-0.14441939,-0.006803768
منكر,0.489717,-0.08339954,-0.32041758
رجا,0.42310703,0.04478205,0.027530551
نصيب,0.8887965,-0.116944,-0.009741538
اخي,0.5510741,-0.1737527,0.07410515
ذوق,0.15102988,0.95277405,-0.20479625
ءال,1.2368175,-0.14489104,-0.18902032
اعين,0.6459355,0.087849826,-0.09064025
اصاب,0.3855088,0.30546495,-0.0011875089
فرح,0.623608,-0.030569525,0.059779648
لقاء,0.37296638,0.34920502,-0.061341003
جندي,0.66517055,0.1775713,-0.14366187
مسمى,0.81479114,0.33755064,0.16354983
مصدق,1.0062709,-0.7130307,-0.40206662
ميثق,1.0761502,-0.3454061,-0.18673566
اولي,0.71751285,-0.17982703,-0.0138912285
رفع,1.3071136,-0.0693735,0.025588397
اشترى,1.1927501,0.073367596,-0.07354844
حب,0.357682,0.16830179,-0.008464691
اشرك,0.73890287,-0.045709737,0.1321347
اضل,0.15312324,0.05812545,0.061299376
مفسد,1.2094958,-0.1532441,0.1319371
حشر,0.32531378,0.069633484,-0.008206823
وضع,0.5778466,-0.09321348,-0.080678165
أنذر,1.1308086,-0.8032547,-1.0704243
عرف,0.8477658,-0.13868198,-0.082071975
عيسى,0.88103753,-0.48772806,-0.19466925
غضب,1.1014138,0.43783763,0.083954334
أرسل,0.71223414,0.051349,0.07402925
مكذب,0.10252941,0.11913953,0.0031416807
ابي,0.41825345,-0.32607794,-0.0859511
ادعى,1.3351196,-0.08173882,0.3484484
توكل,0.2936778,-0.29173866,0.21437667
احدا,0.29775506,0.05071302,0.0011715372
سيئ,1.0547472,0.12693137,-0.036957923
حكمة,0.6524031,-0.5023309,-0.011388993
ذر,1.0597019,0.060313407,0.07893039
غني,0.4659181,-0.11636613,0.26479703
اوتي,0.7659689,-0.47727755,-0.25100932
مخلص,0.66872424,-0.36153573,0.035627283
نخل,0.7370069,0.47528994,-0.13765186
لعب,0.41717356,0.31536004,-0.0978997
عقاب,0.6004481,0.39119813,0.20898888
كتم,0.9653522,-0.30297467,0.110675626
ءاتين,0.36651424,-0.17450573,-0.30712512
أرجع,1.462977,-0.018925976,0.22339322
حميم,-0.16502385,0.4402717,-0.17415941
عجل,0.8614596,-0.037336994,0.052576352
حفظ,0.44562835,-0.05451999,-0.067019634
منذر,0.50426847,-0.28087148,-0.0313349
اقرب,0.7205205,-0.14710736,0.031890087
تبين,0.78976107,-0.15258314,0.10164807
اجعل,0.4167128,-0.22353864,-0.16354342
صرف,0.58611953,-0.046720587,-0.007887953
مشى,1.2743807,-0.26520103,0.19119433
دعاء,0.32702276,-0.060102284,-0.04724225
تذكر,0.22376223,-0.1398279,-0.06579143
أحسن,0.3059511,0.27257732,0.03768321
انها,0.9280081,-0.14146355,-0.008968957
اصبح,0.64399755,0.106534466,-0.023727344
معرض,1.0450567,-0.21177943,0.013695338
عصى,0.61834633,0.12617913,0.023838026
الين,0.66498643,-0.046661682,-0.3308665
راوي,0.8327603,0.24048774,-0.25683808
كبر,0.5227465,-0.057817593,0.06976913
بدل,0.9220184,-0.1594732,0.010607896
مرض,1.3678291,0.0027285493,0.17228508
قضي,0.43612412,-0.055636022,-0.052763738
طير,0.7149041,-0.15209459,0.19731031
مهتدي,1.3413324,-0.2462588,0.79701227
فوز,0.61125565,1.411782,-0.12640637
ود,0.893129,0.11015242,-0.2376004
امه,0.5611638,-0.11656959,0.07901911
شيط,0.60144854,-0.010576495,-0.16363887
زكى,0.6584184,0.1620843,-0.04389783
بغى,0.2951554,-0.03942193,-0.05425579
دابة,0.37985978,-0.3223579,0.23747332
سل,0.94965786,-0.1591445,-0.14786454
ايا,0.5489398,-0.31929278,0.1622832
مقام,0.6316262,0.11503497,-0.10665904
حل,0.72679293,0.11169276,-0.11708927
ماوى,0.48398975,0.80754995,-0.08775223
نشاء,0.27908581,0.028850773,0.031752776
اخا,0.46110362,-0.43469647,-0.1176782
مهين,0.6250604,0.6127999,-0.23118003
انثى,0.45606777,-0.040892396,-0.20024684
تورى,0.6518775,-0.5854543,-0.3819892
انس,0.54211116,0.17966661,0.04212245
ضعف,0.42169574,0.4789427,0.07121449
اخو,0.6144113,-0.15336213,-0.11906759
بينة,0.9318177,-0.34819475,0.0015315368
استجاب,0.47853473,-0.11219445,-0.07597258
مولى,0.25948772,0.03152248,0.17194901
ريب,1.2624028,0.015470441,0.7746683
اسحق,0.76016045,-0.39693984,-0.21539524
بنت,0.527304,-0.13818635,-0.0048414497
تاويل,0.588827,-0.13730557,0.023166368
مدينة,0.5546541,-0.086551465,-0.06293689
انذر,0.20365168,-0.0021570863,-0.15533334
ءاله,0.10737809,-0.036651507,0.17269933
ألقى,0.5206224,0.016962979,-0.10885777
تقوى,0.4048092,-0.18917161,-0.01970598
امين,-0.048607826,-0.33513075,0.0011214052
أبدى,1.0795449,-0.1425553,0.3208362
اظلم,1.295711,-0.22526167,0.3168312
اخون,0.22733536,-0.02499013,-0.2154073
شرب,0.33982515,0.28816238,-0.043482937
قسط,0.53342444,-0.07253837,-0.10929456
حميد,0.4047296,-0.20667152,0.3891734
ملا,0.27498615,-0.25721917,-0.14510891
افمن,-0.12479103,0.029847968,-0.11500946
يسر,0.22228493,0.008949527,-0.12646449
حجر,1.5253466,0.3803785,-0.15032014
ياكل,0.29017952,0.21404521,-0.14156184
نعيم,-0.10767837,0.6638128,-0.22522692
فك,-0.17310078,0.06539561,-0.044785865
وفى,0.73378193,-0.0034697794,0.016097637
اربع,0.7494341,-0.14977127,0.80997115
فرق,0.83020234,-0.35010713,-0.17629935
لقي,1.4803326,0.6464944,-0.07178065
هاجر,0.011860541,-0.047737677,-0.08083744
انتهى,0.43427315,0.04742395,0.11153976
ءاتينهم,0.82811075,-0.31367883,-0.10006057
سعير,0.006031338,0.37230965,-0.08262934
قربى,0.8580671,-0.16551521,0.14919198
جاز,0.03871981,0.4381091,-0.22356777
الها,0.7965573,-0.24859184,0.11801865
اقام,0.3159573,-0.35382992,-0.7854872
واني,1.1836807,-0.1932929,-0.020900305
اهواء,0.33084464,-0.1966986,-0.26797262
بسط,0.13582003,-0.29762244,0.458462
البب,0.42023695,-0.19690928,-0.0929364
ءاتى,0.5862398,-0.06931041,-0.08170121
ءاتوا,1.2389868,-0.7882381,-0.75771207
اسر,0.27144927,-0.13256855,-0.15697685
مرجع,0.37284422,0.26618347,-0.04828818
اقيم,1.4153337,-0.48391244,-0.6976631
عمر,0.77884924,-0.0025320447,0.056525815
يعقوب,0.7996307,-0.40142962,-0.08343725
خشع,0.97166187,-0.13683169,-0.11760547
حليم,0.17026651,0.01660257,0.65687895
ءاخر,0.24854301,-0.10887178,0.14811581
حرج,0.49351975,-0.24323916,0.10311716
شك,0.19084346,-0.14274481,-0.022869084
جزى,0.8229746,0.09516112,-0.21236832
يسير,0.03375558,0.19799925,0.04467993
يقولن,0.33613244,0.16854165,0.27036828
سال,0.07480164,0.009923162,0.37165007
لسان,0.09309012,-0.23583171,-0.12527035
ابر,0.6181636,-0.18388633,-0.032804508
احل,0.53148955,-0.18284564,0.0017541744
معجز,-0.29516974,0.106292486,-0.010920349
تنزيل,-0.27136874,-0.22340328,0.20873447
ولى,0.8938542,-0.056625985,0.029262109
ابناء,0.66734946,0.23842931,-0.37753266
عظمة,0.9318326,0.09685544,0.07937106
سليم,0.8549916,-0.20727856,-0.1339624
اين,0.53472865,-0.035745893,0.018159874
اكل,0.47277656,0.22137862,-0.113272965
فقه,-0.025437681,-0.04957176,0.08990243
ورث,0.25191513,-0.07491074,-0.04313923
القى,-0.011682,-0.15120783,-0.06302474
اشهد,0.33053237,-0.03147644,0.10379217
كشف,0.1205905,0.16837719,0.120935574
دير,0.59714675,-0.06254212,0.082956456
ابوب,0.56609344,0.22725731,0.13834965
نفخ,-0.18167572,0.1071149,0.25067455
أعاد,0.2164079,-0.094660595,0.40482384
داود,0.24756102,-0.1896667,-0.010168395
سكن,0.023637539,0.039897364,0.08390586
نبا,0.17591438,-0.15801828,-0.064213715
صنع,0.12536815,0.16860722,-0.021959228
ءادم,1.2748811,-0.123903766,-0.05704027
استمع,0.15146975,-0.29774177,-0.14490725
ملة,0.34585077,0.031039696,-0.19907373
بدا,0.3279612,0.20438115,0.021484507
مسرف,-0.17635645,-0.0017722477,-0.06837601
رزقن,1.2200584,-0.5346238,-0.4565845
اعمى,0.16209054,-0.038380593,0.0013644953
ارجع,0.09640453,-0.026431862,-0.06262406
بلد,0.39994717,-0.13806354,-0.006091791
ادرى,-0.41789412,0.07555674,0.03982366
جهر,0.771032,-0.18664478,-0.024436895
ثمن,1.3579242,0.089008294,-0.019709978
تراب,0.738958,0.06164788,0.13220161
وقع,-0.11428772,0.0043946053,0.090495616
بغي,1.0264108,-0.11746969,-0.053443633
بشرة,0.38071358,-0.078430936,-0.165561
امم,0.2635606,0.18754868,-0.18550037
جهل,1.0046848,-0.100874186,0.017273339
اعتدى,0.93246925,0.04672157,0.07951231
قعد,0.46417737,0.013060805,-0.0062642973
وصف,-0.022092896,-0.11084094,0.2556432
يستهزءون,-0.059310324,0.060459495,-0.064423256
درج,-0.13819025,0.08494055,0.06625104
ابتغاء,0.40830678,-0.0046770084,-0.09222695
أقام,1.3537103,-0.7954349,-1.3405055
ارءيتم,-0.1996515,0.07566401,-0.011513468
زينة,0.15182617,0.29162562,-0.03346991
عفا,1.0494019,0.0012445606,0.4413
استعجل,-0.19787364,0.09948507,-0.044893295
هوى,0.0687054,-0.03833175,-0.067724675
عم,1.4404452,-0.023337023,-0.2072822
سعى,0.378444,-0.04821854,-0.17006005
ادبر,-0.075151026,0.050114613,-0.13412118
اولد,0.4511615,0.20119013,-0.058895238
قوا,0.08506421,-0.10991244,-0.037310828
وحى,-0.06563074,-0.41336253,-0.18378083
نصرى,0.9182809,-0.12044391,-0.108920805
يتمى,1.0943469,-0.16032721,-0.0014336063
سبحن,-0.32083884,-0.08108962,0.2441748
غشي,0.010603111,0.28731126,-0.20483136
اقسم,-0.22118323,0.09713588,-0.06617031
سبحنه,0.5381012,-0.19823161,0.39337018
فحش,0.4159605,-0.06361614,-0.16608407
سار,0.4232756,0.067532584,0.19368476
موعد,0.022724232,0.20075597,-0.028736146
وزر,0.14464477,0.13063298,0.044793148
شفعة,0.9386897,0.1389408,0.318405
امور,0.22561839,-0.09804195,0.19252409
الف,0.54950154,-0.05414013,0.0324337
انزلنه,-0.18375903,-0.09847947,-0.10103313
صيحة,-0.091703735,0.056727704,0.03124965
اذهب,-0.052382726,0.057979785,0.038131602
امري,-0.10435478,0.005086058,-0.0031538699
حرث,0.70264655,0.46919417,-0.21203639
عدن,0.124155715,1.0911435,-0.19731492
ثواب,0.31308237,0.69364697,-0.194254
أفسد,0.7267107,0.17935604,0.028430577
حذر,1.4866521,-0.13706776,-0.0017721903
مفلح,1.4242231,0.046178162,-0.24189219
رشد,0.6899685,-0.06428477,0.020079585
ارجل,0.13578872,0.12831502,-0.040409777
ياهل,-0.2657373,-0.42417985,-0.15613914
مستقر,0.73868114,0.11970874,0.106586665
قتال,0.24112426,-0.21800555,0.005136418
أمات,1.1825519,-0.22853273,0.16096403
سلط,0.16610755,-0.25423753,-0.03886969
اليس,0.055364486,0.25715187,0.14566089
اعتاد,0.20995554,0.63861436,-0.22553194
حاق,-0.013251552,0.12582278,-0.021484928
مشرق,0.7882106,-0.010998965,0.05270821
تفكر,-0.26117727,-0.014366958,0.12898551
قرءان,-0.11084607,-0.15791479,-0.068960756
أجزى,0.24373227,0.2183625,-0.09236414
عدة,0.5299259,0.056016643,-0.029173305
جر,1.3474537,-0.04122777,-0.35582173
نجم,-0.26801085,0.047894455,0.06320857
انجيل,0.851117,-0.42592898,-0.2803648
كف,-0.024753999,-0.14167145,0.027190166
ادنى,0.7243971,-0.019799788,0.103819825
امثل,-0.2962977,-0.060973123,0.045976743
جحد,-0.29497847,0.051502034,0.12538503
أخرج,-0.010413331,-0.05672688,-0.07165344
هدي,0.510401,-0.15592922,0.032220934
نهى,-0.23626229,-0.048196387,-0.11972158
ضال,1.2384943,-0.22623253,0.23915637
حنيف,0.65607315,-0.270373,-0.08364154
راوند,0.16153471,0.12392951,-0.0007563108
سر,0.46358573,-0.15423879,-0.09892828
لعنة,0.334568,0.3940916,-0.13270707
غلم,0.16540967,-0.13957833,0.037094176
ظلل,1.0364016,0.07026348,0.057038
اسل,-0.04293098,0.09403218,-0.16111915
عربي,0.1305672,-0.16843875,-0.17085189
مر,0.26346055,-0.09780235,-0.005481825
قرب,0.2091511,-0.082958154,-0.13277736
ساجد,0.9025476,-0.022159524,0.078038774
اسمع,0.727816,-0.047781456,0.016332211
اعد,1.0026547,0.7320109,-0.1620552
هز,0.8643462,0.09862084,-0.22206792
لبس,1.2121018,-0.013766866,0.25173804
بصر,-0.025681056,-0.045808688,0.06530553
جاءو,-0.072443806,0.07571369,0.06510742
طين,0.07627318,-0.13083507,0.2261499
ارحام,0.41100284,0.038772218,0.08710013
بخل,0.24791856,-0.052894626,0.028361438
غرور,-0.4097741,0.16395602,-0.049739815
منع,0.6603187,-0.09599621,0.006463517
فقير,0.21562298,-0.15189086,-0.0057859593
سريع,0.37196186,0.30693176,0.21641532
شكور,-0.7003021,0.044515435,0.24762343
مسكن,-0.015546947,0.31646603,-0.11648455
ارسلنك,0.8808755,-0.16575234,0.007232466
مثوى,-0.20736289,0.52565986,0.051273126
اجور,0.33850452,-0.009323926,-0.09669392
وصل,0.99145406,0.7154609,-0.12768719
هرو,1.0158606,-0.3706256,-0.1402591
نطفة,0.17225376,-0.057728298,0.16227648
مدين,-0.11234727,-0.16157837,-0.008686836
افلم,-0.35456008,-0.0204466,0.07122311
اوف,1.1893458,-0.2976231,0.11024394
بطون,0.096531674,0.036757767,0.0064408714
لحم,0.7702624,-0.035841644,0.08889155
تواب,1.0496603,-0.5267738,0.5518267
اكن,0.32873046,0.027658068,-0.009836515
تمتع,0.46581733,0.19819182,0.02349436
نزع,0.04565061,0.019026438,0.070571125
يوقن,1.3562522,-0.19995865,-0.113326594
خر,-0.15849698,-0.14846294,0.080678515
طبع,-0.10732537,-0.10675803,-0.065729424
خزي,0.8663144,0.9468744,-0.11894851
نكح,0.117797054,-0.013615889,-0.057966303
احكم,-0.12193909,-0.1494153,-0.056293882
رء,-0.53475446,0.14038296,-0.04573531
خبيث,0.2678202,0.053057637,-0.06528961
اءذا,-0.14284727,0.03396842,0.042154394
نعمت,0.43645,-0.23339567,0.051707912
وذر,-0.3151992,-0.023745434,0.07682835
فساد,0.07751046,0.11244682,0.04600276
منزل,0.45062774,-0.13026437,-0.024365773
ثمر,1.4094052,-0.1030154,-0.100183256
عادي,-0.20514904,0.03146486,-0.07349074
سير,-0.21698911,0.061525617,0.09196691
احدى,0.18934889,-0.05055849,0.035747025
افوه,0.021627467,-0.05591249,-0.07659808
مكن,-0.39026272,-0.19442636,0.1086526
أعلن,0.58695006,-0.06316711,0.23112433
فجر,0.28123167,0.023339538,-0.10784294
نبات,0.039653555,0.05857723,0.045509845
صور,0.4274904,0.13554098,0.18496162
ثمرت,1.4135778,0.02786017,-0.16700624
رءوف,0.10622595,-0.41331816,0.2631854
قوي,-0.1997861,0.18399034,0.49249873
زال,0.4842504,0.023839114,0.08627579
دبر,-0.21655275,0.1045566,0.03216788
رض,0.2343633,0.45732963,-0.101270206
يسل,0.03153618,0.07902297,0.002582816
محيط,1.0139699,-0.08640852,0.004671598
مجنون,-0.48972893,-0.15354848,-0.019631619
وصى,0.55709255,-0.21955286,-0.02772705
امولكم,0.38955197,0.0016930603,-0.041369103
ظهور,0.56240267,0.083578005,0.008122749
طلق,0.13813525,-0.049706757,-0.02508567
زرع,-0.048541382,0.09782181,-0.07627315
احق,0.11597833,-0.25492457,0.03676124
ءاخرين,-0.17077777,-0.07609573,-0.0048489915
حلف,-0.14970842,0.044306166,0.02012272
حج,0.6528367,-0.1364449,0.010979994
ليلة,1.0805249,-0.029589722,0.01689235
نال,0.5730826,-0.08580037,0.049823318
حفيظ,-0.04727826,-0.09896048,0.09374951
تم,0.6065928,0.062086117,-0.029850818
اغنى,-0.4373823,0.036244735,0.05421086
اغفر,-0.14452176,-0.020575838,0.06517991
احزاب,-0.38669422,0.08604829,-0.18590735
يجدل,-0.016336296,-0.1211785,-0.11816672
معلوم,-0.66649574,-0.0006594604,0.0016758654
شراب,0.2895874,0.24771684,-0.06807413
مسيح,-0.35037142,-0.21740417,0.07011197
نقص,0.6291562,-0.15097022,-0.07734647
تربص,0.16027977,0.027108675,0.08945848
نجوى,-0.23503982,-0.2013295,-0.08631404
ءاباءنا,0.08023067,-0.17555021,-0.066521704
دم,1.3351368,0.011880944,-0.5130517
قنت,0.48511624,-0.035425343,-0.056983992
مغرب,0.37219146,-0.014649187,0.10390125
بريء,-0.309571,-0.0560553,0.016922988
فئة,0.30960318,-0.061246198,0.034729842
نها,0.3032001,-0.0033439756,-0.119982034
طور,0.39870673,-0.02512348,-0.06339522
ءايتي,-0.24865155,-0.006191828,-0.019938169
مختلف,-0.37033907,-0.021284396,0.018276453
مريض,0.19132645,0.06621157,0.07125551
جبار,-0.113585114,-0.008719368,0.01203395
ذاق,-0.21349262,0.26138693,-0.027098274
ياب,0.036147777,-0.077665135,0.0108434195
عزة,0.40833437,-0.050256576,-0.0066211647
مبشر,0.17513147,-0.19342037,-0.0011891039
كيل,0.16010205,-0.08333883,-0.038270533
ظالم,0.017810753,-0.022259627,-0.091945246
عشي,0.041343413,0.1438792,0.05490067
اعراب,-0.35089743,-0.017999303,-0.15393886
طهر,0.23158993,0.06524484,-0.041949358
رجس,0.055668544,0.035219707,-0.11478578
سعة,0.07775175,0.03977833,0.10468104
انبت,0.08132602,-0.02797977,0.0060552945
غر,0.019477358,0.3098252,0.05013018
مصيبة,0.35610312,-0.090453744,0.017959649
باب,0.70640355,0.2337934,-0.14864787
ياخذ,0.002108007,-0.0012239262,-0.006633115
أصم,1.3312058,-0.06512441,0.03711824
اسجد,0.85423344,-0.24895549,-0.08946913
يشا,-0.09732779,0.08311178,0.26314756
جزء,0.06558418,0.045833625,-0.012059142
سعي,-0.078996286,0.11065517,-0.037902463
خيرت,0.82285494,0.07247179,-0.055381723
عصا,0.8629984,-0.28119463,-0.29653078
اضرب,0.9543858,0.0074826526,-0.19225508
يهودي,0.5423824,-0.28857684,-0.024746777
ابلغ,1.7351542,-0.20512976,0.0063110194
رجز,0.898333,0.12981676,-0.020578912
قائم,0.08477613,-0.03469958,0.026001366
مد,0.88340014,-0.25069785,-0.96419084
هاد,0.49199963,0.07005409,-0.21501824
كفور,-0.46620592,-0.09354313,-0.09977546
حبط,-0.15694705,0.51558924,-0.25441608
خطي,0.8593696,0.11265945,0.04287691
ارحم,0.32609618,-0.03413893,0.11792852
حزب,-0.11194653,0.07224712,-0.08241108
اصطفى,0.60763144,-0.19810855,0.10227996
جانب,-0.2828714,0.0071883877,-0.070349984
تمنى,0.8270744,-0.07402904,0.0289036
مخرج,0.6227301,-0.027446346,0.020469777
بشير,0.32291925,-0.25614166,0.06259302
فتن,-0.012595233,-0.03133867,-0.052053146
الن,0.81267285,0.030689068,0.20385627
فليتوكل,-0.27512133,-0.19504741,0.026709206
روسي,-0.24510676,0.088207334,0.05047063
هلك,0.08699774,-0.0416043,0.03903062
خاض,-0.2509056,0.07805935,-0.05800077
ءاثر,-0.213557,-0.0020239705,-0.037823282
مهد,-0.5564294,-0.08135411,-0.008909688
خفي,-0.2350081,0.027363136,0.14351368
غليظ,-0.4721131,0.1902252,-0.11971554
تذكرة,-0.56208915,0.071195655,0.07917613
رءوس,0.09015891,-0.0132071795,-0.08068933
عوج,-0.17975187,0.014939193,-0.049799602
عام,0.64222443,-4.5009536e-05,0.07109694
ارى,-0.06392071,0.05128917,-0.03961601
اشكر,0.15170632,-0.13815635,0.013872864
هود,0.75998354,-0.092432074,-0.056878947
مقيم,0.33366865,0.32745242,-0.20657805
صاحب,-0.07485575,0.06373851,0.039070215
ءامنتم,0.38713595,-0.12919751,-0.022280602
جلود,-0.5191519,0.08648456,0.029051362
اصب,-0.05917237,0.05280898,0.040486004
واسمعيل,0.32685325,-0.24232647,-0.054296654
قصر,-0.06518122,0.027802924,-0.070128806
انصار,-0.117086664,-0.059421025,-0.13925926
اءنا,-0.2486842,0.054992605,0.07909544
تساءل,-0.4397214,0.06139633,-0.0028545803
يسلونك,-0.06551625,-0.10356741,0.042802922
ضراء,0.59124285,0.105543226,-0.06504424
قرار,-0.27954313,0.07019517,0.006398181
ميزان,-0.21139672,-0.1855312,-0.015206667
يتيم,-0.29913244,-0.007121568,-0.070702896
توب,0.7025331,-0.05906313,0.09475379
افد,-0.5276696,0.046737306,-0.06394364
نطق,-0.6980484,0.042339128,-0.030116737
صلاة,-0.5824419,0.083575785,0.018383717
ادع,0.5116717,-0.21430793,-0.068470195
لغو,0.5853381,-0.045007262,0.001925066
اقبل,-0.60194594,0.029456623,0.018884575
اذى,0.27187893,-0.06810862,-0.0019761554
صب,0.45007744,0.14053412,-0.21129538
مبعوث,-0.08195681,0.13904414,-0.009524272
لكذبون,-0.46923038,-0.039705276,0.08471367
لباس,0.10599645,-0.025308939,-0.056456164
اغرق,0.75675136,0.061800364,0.073278524
آخذ,0.10686139,0.07468374,0.19225228
اسطير,-0.39655417,-0.1322045,-0.05540114
ابليس,0.9636183,-0.08811201,0.020326143
نقض,0.82567614,-0.43681255,-0.065806985
عجب,-0.37606138,-0.044265945,-0.04583743
صيام,0.36550117,-0.070188396,0.010210303
اسماء,0.9997933,-0.06886659,-0.13937363
سبحنك,1.4069111,-0.09593823,0.19264938
اقل,1.3809226,-0.23575705,0.07440385
اعلى,-0.32267606,-0.026480252,0.16402042
ثوب,-0.27203637,0.11137793,-0.06652029
تحشر,-0.33963817,-0.075245954,0.044613905
احيا,0.028040053,-0.24281113,0.15186061
افك,-0.5481569,-0.11599838,-0.00683795
رقبة,0.4894666,0.016983503,-0.079847604
اجري,-0.25439847,0.04752523,-0.08030159
اتق,1.1826396,-0.08836814,0.058177695
سحاب,0.31074652,0.017969621,0.04750317
نجي,-0.5228604,0.050099947,-0.13844725
موعظة,0.89314073,-0.09449984,0.026467156
اكون,1.1824843,-0.092726775,0.0790894
اقول,-0.39241472,-0.33743596,0.19890693
تالله,-0.58560467,-0.02931128,-0.0393723
طمع,-0.67064744,0.0056052455,-0.03097383
متعدي,0.07639033,-0.010796316,0.014281638
بقر,0.5947895,-0.026053702,0.03129162
مودة,-0.48919517,0.1831267,0.065940075
ات,-0.122443035,0.043540273,0.024846327
ازداد,-0.26642612,-0.022105519,-0.1630377
وعظ,-0.0544944,-0.19137369,0.015673263
جديد,-0.8110249,0.008670612,0.18353729
زبر,-0.29628524,-0.072085366,-0.0066003436
بني,-0.14668052,-0.2162584,-0.066757835
تكلم,-0.15917125,-0.045033563,0.0043659736
مهلك,-0.19729345,-0.15306088,-0.15505314
عسر,0.63217324,-0.051781707,-0.010571611
وصية,0.44818914,-0.024242459,0.12790234
طرف,-0.18852696,0.09363898,-0.046216026
صعق,1.0084577,-0.0054957513,0.015031823
متك,-0.72082996,0.064415075,-0.036745988
صديق,-0.08494081,-0.09708965,-0.08710321
خلقن,-0.28324386,-0.060181428,0.07586855
واعد,-0.5061745,0.56138635,-0.04875775
فرض,0.52796173,-0.06894598,0.046125393
تامر,0.050736006,-0.052438896,-0.049423967
بطش,-0.37435812,0.035822622,-0.019352214
تقلب,0.21409272,0.0702103,0.004442522
سمى,0.048145052,-0.04279979,-0.03294328
خافي,0.14388886,0.08129967,-0.03431412
انتظر,-0.2906887,-0.16221549,-0.03330235
عقب,0.8234487,0.03092087,0.013650848
أهلك,0.21792878,0.016786695,0.0075513967
نجين,-0.39677522,0.031752348,-0.14363587
خزانة,-0.40051058,-0.121757574,0.21772559
مشفق,-0.3506812,-0.012751593,-0.13008565
شعيب,-0.1039832,-0.039420374,0.00019384251
نجى,-0.547457,-0.053001978,0.118337855
يولج,-0.6327587,-0.058698017,0.05098283
عزم,-0.3216699,-0.04133164,0.09186218
اجتنب,-0.28117642,-0.10498371,-0.056811616
يعبد,-0.13492352,-0.12358478,-0.12355029
حجة,0.4442194,0.010958707,0.14611457
اطع,-0.26128873,-0.1049937,-0.027636465
انطلق,-0.47936344,-0.10990448,0.015326803
قرين,-0.27610666,0.05091221,-0.08381389
يظلم,-0.3244648,0.06927921,0.027165564
مثقال,-0.14371058,0.020505497,-0.022982951
طاعة,0.21444002,-0.08472721,0.1151531
مقرب,-0.2839139,0.040838774,0.02324029
خشية,0.8186778,0.01894478,0.03162474
وهر,0.9405893,-0.26328313,-0.19121848
عفو,-0.018558957,0.062082507,0.40565637
مطهر,1.4306027,0.35275438,-0.0990492
أوحى,-0.21290912,-0.27615076,-0.013592794
منفع,0.41547963,-0.006740429,0.079311006
خلقنكم,-0.24318227,-0.081649475,-0.04023197
كفل,0.35131937,-0.07704692,-0.0478258
هادي,-0.5268205,0.0018992504,0.05460261
رمى,-0.51044834,0.027507616,0.062895715
اهلي,-0.14203495,0.16253908,-0.087799564
أظهر,-1.0137128,-0.11368956,0.0380101
ايها,-0.07005502,0.036112405,0.05870309
وقر,0.116907686,-0.036780354,-0.11419355
اوحى,-0.45377988,-0.0021299983,0.014311097
اتل,-0.36463642,-0.14994693,-0.124625966
طعم,0.026203329,0.18398654,-0.029023563
نصب,-0.3216776,0.1359626,-0.0056621656
ؤخر,-0.7204649,-0.014337435,0.10161506
يقين,-0.3347605,0.0038653016,0.007871533
شفيع,-0.2585076,0.090002365,0.071770385
محضر,-0.45039317,0.18478781,-0.05003557
اريد,-0.032616016,0.15639967,0.046101
سلك,-0.28571838,-0.10302114,0.005076548
شفع,0.1007071,0.008672907,0.088736616
طغوت,0.32225677,-0.10073794,-0.08416516
خفف,0.80204403,0.48069057,0.08293422
عبادة,-0.20330349,0.114297025,0.014188784
طلع,-0.27411652,0.047963392,-0.043953698
بيع,-0.30166233,-0.078206755,-0.07593279
امثال,-0.00074024015,-0.09820809,0.024811305
صحيفة,-0.59373504,-0.10738678,-0.028383275
ياتيكم,0.09483174,-0.08059777,0.058610916
سورة,1.0645872,0.43807527,-0.35498413
راسي,0.27595976,0.029805768,-0.061449185
برز,-0.1087714,-0.076507315,0.08224282
مدبر,-0.40213174,0.04452447,0.036735762
اشتهى,-0.34566465,0.108564764,0.013139028
اشرب,1.0036259,-0.13882206,-0.13296646
فطر,-0.586916,-0.02008789,0.10405081
خلل,-0.35205746,0.17626251,-0.0037075435
شيعة,-0.42443478,-0.07377154,-0.08470905
ابقى,-0.6836681,0.15342638,-0.03136581
قبلة,0.19470017,-0.13241912,-0.053198654
تبديل,-0.64200616,0.10690866,0.034947325
سائل,0.15915157,-0.020993391,-0.08342866
فسل,-0.6355273,-0.32207456,-0.1703862
كنز,-0.18364543,-0.09683872,-0.0110884
أحل,-0.15481855,0.26552656,-0.021486988
ظهير,-0.80307406,-0.029827533,-0.07889684
نفر,-0.17868236,0.061607275,-0.079512216
بخس,-0.3034964,-0.006294937,0.02731955
اخت,-0.20463434,0.1266566,0.050047357
ءامنين,-0.73696566,0.022459622,0.039587174
ملاي,-0.6461013,-0.14700311,-0.12631972
تعالى,-0.21205743,-0.14523368,0.023387888
آذى,-0.77106035,0.098519504,-0.057857215
استحيى,1.2728686,0.21268147,-0.06018157
امطر,-0.4270742,0.1257331,-0.048088368
ضحك,-0.40858504,-0.016626898,-0.059566963
ميقت,-0.1629796,-0.08282594,0.008262299
كاين,-0.3382575,-0.022116847,0.023521911
شاهد,-0.42531884,-0.060931366,-0.0959703
لون,0.5811813,0.081194125,0.0053381925
عكف,0.11705856,-0.12327199,-0.03127269
افرءيتم,-0.9176646,0.03392047,0.07082694
بث,0.27330804,-0.09039403,0.18015704
متكبر,-0.5450465,0.15917589,0.06602824
ابى,0.9483806,-0.16642852,0.09535879
عدد,-0.45928666,-0.00018568036,0.11065837
اثيم,-0.24556406,0.0104711,0.003032246
تفرق,-0.18610679,-0.0015292662,0.008754917
حبل,-0.44154537,-0.041218054,0.032121185
ركب,-0.5761107,-0.018744307,0.096339636
فاجر,-0.7756759,-0.017401755,0.001806042
حظ,-0.27535868,0.21705608,-0.012951054
اعنب,-0.7789554,0.21437284,-0.050385214
ارتاب,-0.72887427,-0.056737654,-0.13686025
مبصر,-0.5219412,-0.09705549,0.009856592
أخزى,-0.6195751,0.27254814,-0.15182453
اتي,0.0653409,-0.14093682,0.017383983
جان,-0.4049833,0.092764124,-0.016743142
ضاق,-0.47456226,-0.06656313,0.061880827
توبة,-0.034576602,-0.051312238,-0.0399846
معذب,-0.6253292,-0.0071239728,0.037596196
مرد,-0.44315556,0.29917136,-0.006167036
سفر,0.2628876,0.06802742,0.033815246
أسرع,-0.19484635,0.0027312897,-0.18922578
يات,-0.31265983,-0.015988365,0.043909226
اهبط,0.943455,-0.09061472,-0.06802714
دام,0.13194922,0.092727385,0.08495981
ءاذانهم,1.3170334,0.10458922,0.023297489
أغبر,-0.7637698,-0.12362785,0.05901438
خسف,-0.6811697,0.03364116,0.05278468
خط,-0.51595676,-0.087683804,-0.037389066
يحيى,0.021542646,0.008534832,-0.0039121145
منيب,-0.6043872,-0.08552697,-0.029828547
اقم,-0.5760097,-0.24586874,-0.27921695
رزقنكم,1.5676606,-0.012853398,-0.16919181
فرج,-0.59420633,0.0021136994,-0.010418515
فحشاء,0.2746574,-0.06380699,-0.0077015357
لطيف,-0.28302732,-0.12016751,0.21857876
محصن,0.10183913,-0.074814886,-0.12284309
اولدكم,0.35925376,0.030850204,-0.046332702
ءاباؤنا,0.19772245,-0.175271,0.008662645
دعوة,0.1012051,0.03693245,0.03471363
طغى,-0.3482177,-0.026552377,-0.05223273
بكرة,-0.43529135,0.048666015,0.024318377
فرقان,0.94744664,-0.28205714,-0.13771015
اولو,0.37690008,-0.12679502,-0.09245397
خالص,0.027137471,0.0659233,-0.0057731294
مريب,-0.6127821,-0.029637458,-0.037326064
مطر,-0.026963472,0.058667034,-0.028072542
نصف,0.106677905,0.012658913,0.0628092
داعي,0.059777804,0.04570488,-0.02809487
حلل,0.39826766,-0.1781874,0.04703541
معدود,0.87874955,0.16987345,0.0089559285
انني,-0.38450927,-0.12646784,-0.07112604
نحشر,-0.34706005,0.13320342,0.04965439
ابا,-0.47611317,-0.010284643,0.017073078
واد,-0.19777364,0.04721247,-0.060959138
جميل,-0.5940099,0.004954979,0.08746275
يامرون,-0.0275815,0.033400662,-0.07069575
راية,-0.5241288,-0.044827793,-0.03776313
ماب,0.068906784,0.22209434,-0.01681908
ذلة,0.7119358,0.23256089,-0.0014865809
شقي,-0.7488279,0.0015449637,-0.024170464
جند,-0.6461145,0.0441485,0.038910016
ندم,-0.46328545,0.12384702,-0.03443017
ربوا,0.76441705,-0.14652085,-0.103164315
أذهب,-0.1434027,0.03965309,0.11016762
اعوذ,0.7315774,-0.10960477,-0.022524923
تبارك,-0.5242484,-0.019586593,0.12905002
خلو,1.3027631,-0.28729075,-0.17849855
اهدى,-0.44013533,-0.10067618,-0.056945812
تك,-0.13020499,-0.0058801556,0.01181977
يليتني,-0.31883118,0.11879678,0.010327491
حجاب,-0.56467384,-0.0050615454,-0.10035775
وقى,-0.6040456,0.1943476,-0.06043503
عمه,1.272233,0.13476214,0.15989332
ءانتم,0.5979147,-0.11870878,0.120903544
نصح,-0.5495907,-0.17503648,0.009575283
أدخل,-0.5268425,0.22149344,-0.08735856
ناقة,-0.4888499,-0.04063916,0.03404319
مفعول,-0.4124861,0.05896879,0.010155086
ملق,0.7621498,-0.12668848,-0.1307782
طغين,1.5004895,-0.03737791,0.0253781
سفيه,1.1461612,-0.19728728,-0.096403934
فينبئكم,-0.59870535,-0.022965027,-0.034290116
رايت,-0.1867439,-0.01827923,-0.032856237
ارد,0.086810365,-0.007548462,-0.031068118
صف,-0.7190167,0.0027331219,0.04180363
افتدى,0.048635036,0.37753093,-0.09288136
قميص,-0.61635923,0.04975595,0.019164296
زاغ,-0.37848607,-0.06291735,-0.04374032
ختم,1.368653,-0.0028809174,0.023415126
امد,-0.16881908,-0.046753902,-0.06372093
مهاد,-0.24493629,0.27271354,0.069320485
خيل,0.22030236,-0.05250928,0.04093898
فاغفر,-0.26356786,0.024546029,0.0745123
جرم,-0.5917202,0.07649194,0.020349553
مهجر,-0.6392615,-0.11433112,-0.017013552
اذل,-0.29114655,-0.049235027,-0.040702946
صدقة,0.16477312,-0.07172242,-0.10714293
رغب,0.61252,-0.004702894,0.008790509
يابان,-0.4301942,0.018960482,-0.0074256402
حديد,-0.7329477,0.083878584,-0.029036118
فاني,-0.108230256,0.06532709,0.08450876
فور,-0.014226187,-0.013410589,0.010402935
كاس,-0.78747606,-0.009875251,-0.0137450835
متع,-0.8473546,0.14982875,-0.0019408548
جدل,-0.536888,-0.063041516,-0.0056312564
سجن,-0.44897157,0.05500887,-0.04480003
بطن,-0.14224379,-0.011524285,0.09840955
مدكر,-0.54416513,-0.07925115,-0.024088856
نكر,-0.9103478,0.105230056,0.031726178
مبارك,-0.3495641,-0.10531732,-0.06647087
انباء,0.14244783,-0.10294473,-0.062100403
صغير,-0.038216427,0.0064959438,-0.04434292
افان,-0.7127399,-0.08829976,-0.0015930978
ايهم,-0.013359402,0.01238536,0.006053816
اختصم,-0.20464551,0.075168215,-0.041644305
اعداء,-0.28465098,0.15604368,-0.010731254
انداد,1.1554195,-0.0864436,0.28276584
موج,-0.45891866,0.117844485,-0.037369415
اكفر,-0.5465383,0.0042892606,0.050032645
كذاب,-0.57548016,-0.0040947846,-0.0006845373
صبح,-0.75509673,0.059436005,0.011204044
ءالهتنا,-0.41602638,0.028576883,0.019574776
برق,1.0556568,-0.15059905,-0.0114848185
سجود,0.021383958,0.11634253,-0.05324412
حضر,0.5998045,-0.10191786,0.0030446015
زكريا,-0.24400093,-0.018063912,-0.015010377
اضطر,0.49629152,0.0140756555,0.13808967
فضة,0.091813795,-0.0042896187,-0.013910459
يبدؤا,-0.45420542,-0.046247527,0.29422748
اشهر,0.016533904,-0.046621032,0.1968809
غيظ,-0.43084887,-0.11205312,0.028186962
رجيم,-0.35818166,-0.10287416,-0.04263577
عبرة,0.026700454,0.023293104,0.0828335
يؤفكون,-0.65478086,0.0017811633,0.08677417
ذرة,-0.33530843,0.054492693,-0.036323965
قي,-0.6446474,-0.103882186,-0.033973735
خضر,0.122943304,0.092193455,-0.046198715
بصيرة,-0.30836558,-0.08051691,0.03570153
فزع,-0.6690167,0.047927186,-0.00042231826
عصي,0.768022,-0.09718017,0.049516432
تحية,-0.117659435,0.20918268,0.013952043
أدرك,-0.44564766,-0.014359637,0.05033374
منظر,-0.6789908,-0.081656665,0.06502258
منتظر,-0.8800318,-0.06082574,-0.01839437
ميتة,0.04501666,-0.1449982,-0.10151901
قائل,-0.6017522,0.032770522,0.02386063
ذبح,0.48546022,0.43462947,0.006371805
موزينه,-0.6640081,0.13730423,-0.016362142
تاخذ,-0.07981832,0.057863697,0.041137893
يامر,-0.4400243,-0.057867948,-0.095030606
بعل,0.39865473,0.13858262,-0.021154638
قبر,-0.50476635,0.08566687,0.0063315043
فانجينه,-0.66507524,-0.0061315703,0.03934982
وحد,-0.57692754,-0.071083166,-0.053148374
ارءيت,-0.72388786,-0.014026362,0.019700645
توفى,0.37755919,0.03431892,0.053302955
ركع,0.8253087,-0.21234739,-0.058794383
فريضة,-0.095909275,-0.089475706,0.23120718
امام,0.48919442,-0.105356425,-0.15415336
ضعيف,-0.40551674,-0.028098242,0.03693767
قذف,-0.8011932,-0.09045004,-0.04725386
وعيد,-0.6328956,0.0026787494,-0.013859741
عاقب,-0.6055782,-0.03206285,0.14039098
ايد,-0.5109451,-0.02308471,-0.08225528
ءاتىكم,-0.19864477,-0.012819915,0.13234068
سن,-0.3966859,-0.011375029,0.063293286
أكبر,-0.6432271,-0.008527647,-0.040530205
اقدام,-0.09149662,-0.0076563912,-0.07779825
فاطر,-0.815728,0.108991124,0.34417292
يويل,-0.8460986,0.10643567,-0.00865857
مكرم,-0.9996148,0.029691968,0.00611518
عف,0.06586756,-0.14274108,0.07550411
انبغى,-0.7141083,0.010202645,0.02479576
حاج,-0.13524388,-0.105719455,-0.07447907
اخراج,0.59035623,0.053997464,0.08054502
اسفل,-0.57392687,0.1294808,-0.028724972
عالي,-0.27173433,0.043160185,0.00096692995
لنكونن,-0.29519278,0.13891818,0.057036404
اناس,0.5108438,-0.062914915,0.008364423
سكينة,-0.03971245,-0.27571675,-0.24438626
انثا,-0.49754998,0.022988686,0.19954702
مقت,-0.40042874,0.08336822,-0.0930955
شقاق,0.17753941,-0.10003657,-0.0752419
تقدم,0.15418321,-0.18232611,-0.048285753
لحق,-0.29464075,-0.004307955,0.021343818
انتصر,-0.92087215,0.015859423,4.5011715e-05
أمسك,-0.5614554,0.054017216,0.08944543
نشر,-0.31376818,-0.018645462,-0.008976639
أحيى,1.6265693,-0.066255726,0.13102885
سرر,-0.5431487,0.0015323185,0.009545254
اسكن,0.94582754,-0.02361843,0.060186185
قرض,-0.15046404,0.06759418,-0.13869329
نشا,-0.8351568,0.0014193554,0.10777568
يستبشرون,-0.5687265,-0.033318724,-0.053499907
ابرار,-0.503514,0.049233165,0.008494421
سلف,-0.17730111,0.119347416,0.1717223
استقم,-0.7787714,-0.024500065,-0.00040972081
ايان,-0.1876322,0.10483075,0.06247737
غم,-0.056002986,0.02184436,-0.08873015
خيفة,-0.48633963,-0.04698019,-0.0009529105
عبده,-0.46145877,-0.082193315,-0.028365571
أثبت,-0.5595319,-0.06366589,-0.045648977
كهف,-0.6500808,0.0009349087,-0.017237304
منير,-0.5701914,-0.033987682,0.009903891
التقى,-0.32537824,0.0007973698,0.07697739
خمر,0.1376564,0.102579996,-0.11068958
ضحى,-0.46027827,0.019606398,0.0026196465
ازوجكم,-0.70492774,-0.08138295,0.006792678
أبيض,-0.7467539,0.023534108,-0.089332424
نكث,-0.4902822,-0.021572331,-0.022310257
انثي,0.21724638,0.012954891,0.046566807
اورث,-0.605084,-0.039033104,-0.022970902
ركن,-0.43553963,0.08416258,0.00029973942
اعجب,0.06754968,0.03384154,0.080213614
مبرك,-0.7156676,0.027341016,-0.045909442
ويسلونك,0.055786148,0.03822035,0.0013773588
اغلل,-0.45206,0.116813764,-0.15774924
قنط,-0.9558632,0.018262997,0.09010796
قارع,-0.9179235,0.07071763,-0.036389716
مسول,-0.9105573,0.024037346,-0.009601337
غرفة,-0.1854541,0.25872737,-0.08634601
صلوت,0.2274942,0.011893638,0.0049916455
كافة,-0.018047461,-0.08393458,-0.0056785583
مصبح,-0.8143026,0.04928736,-0.01154364
غي,-0.25643364,0.029344216,0.03324556
تلقى,-0.27086258,-0.10247839,0.012891384
يقتلوكم,0.051129155,0.048698045,0.09210844
علو,-0.89719313,0.07510599,0.0047245203
أحاط,-0.08671705,-0.03333732,0.06915453
كاتب,-0.10753809,-0.082474716,0.06605939
ميعاد,-0.7773328,0.14682043,0.009512795
مترف,-0.98576695,-0.048608452,-0.058394924
اتم,0.26644412,-0.09494938,0.05903881
ملوم,-1.0351694,-3.8557602e-05,0.053139824
بهت,-0.2746658,0.021281468,-0.037591238
استبق,0.5506957,-0.08615538,0.0058521237
كلف,-0.026936788,0.05097767,-0.010751338
ءاتن,-0.17408562,0.11632884,-0.18479441
أضعف,0.054128587,0.13763566,-0.0070308894
سنبل,0.40641528,0.069235526,0.015229484
احياء,0.052967202,0.05865847,0.06325513
يعدكم,-0.17651816,-0.015734416,0.03906833
حر,0.16211723,0.019881187,-0.013267334
خنزير,0.018125083,-0.112362824,-0.06645002
جاهل,-0.18723449,0.05780599,0.09223216
نهر,-0.3736597,0.1016672,-0.011804187
خاوي,-0.036086053,-0.0110339755,-6.540291e-05
نكاح,0.051031236,-0.020175884,0.11508825
خطوة,0.26796463,-0.21470593,-0.2835819
اكتسب,-0.20279363,0.047705192,0.053366657
فول,-0.12954593,-0.050292443,0.012900543
كرة,-0.42058712,-0.011477369,-0.017742077
مستكبر,-0.7268241,-0.0036900425,-0.045935214
باقي,-0.83504695,0.01102123,0.007987479
اثقال,-0.63761014,0.16919051,0.041941438
خطب,-0.6005828,-0.06261832,0.0286238
فجعلنهم,-0.7885323,0.06682883,0.0044688643
ضيق,-0.26966566,-0.027345702,-0.021665068
اجد,-0.60366416,0.049934,0.006603372
غنم,-0.85660994,-0.114059396,0.07101977
خصم,-0.2853079,0.0023935386,0.012168718
تفصيل,-0.81227815,-0.20920579,0.007883164
سيئة,-0.6868851,0.08307584,-0.09727994
ربا,-0.59103525,-0.11014716,0.004661654
وازرة,-0.4087464,0.059391525,0.044705078
لؤلؤ,-0.34026214,0.10936692,-0.0012931225
ثقل,-0.28381833,-0.0022119074,-0.010362288
صغر,-0.77846706,-0.059842985,0.0018452376
اطعم,-0.78009593,-0.055275798,0.010871976
يؤخذ,0.41994694,-0.05277381,-0.09668917
سم,-0.5590721,0.09890692,-0.006062079
ثقيل,-0.5896693,-0.04654989,0.028234094
سرق,-0.6996676,-0.0020842154,0.009876223
اجئت,-0.7087885,-0.019305551,0.028659804
وءاباؤكم,-0.4824,-0.23293045,-0.09514363
نكير,-0.8283835,0.019648539,-0.014760107
استضعف,-0.8135063,-0.069163315,-0.052962437
عتا,-0.6026378,0.07867998,-0.032790657
جثم,-0.851525,0.09159683,-0.0019076575
مكانة,-0.4346543,0.07769655,-0.1255195
سب,-0.30969724,0.02841252,-0.028630374
اذني,-0.13259463,0.023793552,0.044089053
استجب,-0.598686,0.07735761,-0.042317618
يامركم,0.7946455,-0.08623591,-0.00033201798
شاعر,-0.54069024,0.0033451847,-0.007064817
يليت,-0.2555551,0.16477314,-0.03408999
حياة,-0.6099567,0.3259027,-0.047736503
فرط,-0.6387177,-0.044431254,0.009881198
اوزار,-0.44751188,0.08810087,0.044602893
مصر,0.41245785,0.17265789,0.05921881
نبت,1.0984218,-0.038994905,0.03518604
قص,-0.59950924,-0.062057868,-0.025852067
سقط,-0.5730875,0.04519432,0.03394237
بقي,0.48928592,0.014183509,-0.09757169
حافظ,-0.93767697,-0.0049726726,-0.016477475
تعث,0.9480849,0.09614358,0.10414908
موقن,-1.0141941,0.009024019,0.01986115
كوكب,-0.68360037,0.09072286,0.04608588
ابو,-0.41850924,0.071311064,0.006100044
هدين,-0.7696872,0.010373084,0.009121336
هون,-0.6979183,0.12463517,0.019646626
تقدير,-0.6684204,0.16780113,0.2991693
انشاكم,-0.5939796,-0.032528102,0.063033715
داب,-0.4163289,-0.055595838,-0.019993594
جواب,-0.8445418,-0.033535395,0.0005536896
الق,-0.4277268,-0.048030913,-0.03720037
زاني,-0.64155,-0.043747365,-0.003258147
انتقم,-0.82308376,0.052005593,-0.059148617
ءاخرون,-0.7628987,0.016515812,0.008705209
قسم,-0.50684935,0.1938634,-0.018059792
شرك,-0.43866047,0.07565543,0.18182062
اذق,-0.6705288,0.033113703,0.0052484255
فرش,1.268792,0.012996913,-0.071425386
رهق,-0.8002092,0.078846805,-0.031497605
ائتوني,-0.5955638,-0.09538807,0.097498074
وزين,-0.60041004,0.21606739,0.013003762
مرية,-0.5733658,-0.0025308281,-0.039359156
مصالح,1.4626924,-0.11070126,0.119027026
ضيف,-0.5564938,0.035320383,0.016332427
اواب,-0.92016727,-0.026858844,-0.040840846
حطم,-0.6008898,0.11685876,-0.008971745
صورة,-0.6366789,0.0014088949,0.09232343
عطاء,-0.81232196,0.1114744,0.04310705
فؤاد,-0.6011795,-0.020504907,-0.018317075
احاديث,-0.5368153,-0.03756907,0.062328596
غد,-0.60698694,-0.045674283,0.053534236
بكى,-0.6684584,0.0013869883,-0.01815199
فتى,-0.77276605,-0.044241264,0.0077836574
قهار,-1.173926,-0.04648433,0.0884924
أذن,-0.66411203,0.10402167,-0.055556078
مخلف,-0.64928555,-0.04056271,0.043108575
منفقت,-0.54955167,0.100081496,-0.009611307
املي,-0.61516386,0.10350534,-0.042459954
دمر,-0.6947266,0.038795017,-0.039464824
قومي,-0.54179245,-0.021220937,0.021037096
نشور,-0.56035393,0.08285068,0.05007699
أهدى,-0.6811268,-0.03437701,0.026453745
بلدة,-0.82379234,-0.07370603,0.16983715
حوت,-0.62931144,0.008146796,0.03347692
واقع,-0.7087324,0.07358193,-0.012548168
مبطل,-1.0591922,0.037499797,0.054947454
كلب,-0.35255644,-0.08651428,0.058100484
اقترب,-0.5427639,-0.0020985156,0.04138054
اءله,-0.7501063,0.023271851,0.017984403
شهاب,-0.735527,0.037888806,-0.05153017
ادم,0.7539518,-0.08012716,0.10099611
يادم,1.0559783,0.059695065,0.114505924
نجني,-0.7599859,0.016565783,-0.09502432
ائم,-0.72374475,0.09095137,0.011429907
خليفة,1.0687664,-0.14939651,-0.32836857
خروج,-0.66426986,-0.014468585,0.024369135
ابتغ,-0.75255525,-0.005077745,0.0086364625
ياتون,-0.537302,-0.023455305,-0.049006473
هين,-0.55483025,-0.035509285,0.065883145
لتات,-0.3389452,-0.043550458,-0.030714639
ارائك,-0.5199639,0.035224658,-0.0064568506
صعيد,-0.5386587,0.045806415,0.029424429
مكث,-1.0106041,-0.013140313,-0.018952113
يمريم,-0.53227407,-0.031959884,0.0758632
أوصى,-0.18416998,0.013101678,0.047139846
خائن,-0.7402498,-0.046506476,-0.032358874
انبياء,0.31753993,-0.17049712,0.08660319
فاعبدوه,-0.5536982,-0.0002909587,0.089640945
تحرير,-0.47986358,-0.09379341,-0.07806998
قائمة,-0.037340924,-0.019449495,-0.09810913
ءايتك,-0.026637658,-0.2305615,-0.13290569
مستضعف,-0.6704536,-0.10499752,0.024645537
سبب,-0.59912705,0.076700255,-0.0037654962
ابعث,-0.03112245,-0.17954887,-0.018626899
رقيب,-0.26098022,-0.02776914,0.06417518
نبوة,-0.55765176,-0.16333024,-0.17042913
رعب,-0.32439396,-0.037793525,-0.04963817
ءاباؤكم,-0.17436767,-0.00031457577,-0.0450008
يهدين,-0.8737262,-0.04752754,0.012725774
كسف,-0.7239132,0.06033979,0.123928785
احاط,-0.78690475,-0.012006524,0.15935712
مهل,-0.78436625,0.05913955,0.028159995
اظن,-0.6554343,0.065492116,-0.022902016
طاف,0.38776624,-0.02117965,0.07152978
اوتيتم,-0.30573726,0.12828876,0.11374176
استمتع,-0.23397121,-0.03330411,0.07960557
درس,-0.61339784,-0.10735724,-0.0045380946
راث,-0.54132605,-0.05505986,-0.06365102
محيص,-0.6810401,0.05929433,0.04825563
اطلع,-0.609156,-0.037542265,0.0460668
اللهم,-0.5245862,-0.053912964,0.077099845
عقبى,-0.82230705,0.3399142,-0.03833261
رهن,0.5160754,-0.13096993,0.09942836
القي,-0.3992507,0.028770506,-0.04751105
تحسبن,-0.7273572,0.031970464,0.06130771
يريكم,0.9308188,-0.085748605,0.02362442
اعز,-0.45829004,-0.0115812225,-0.016247055
طريقة,-0.9969966,-0.010070169,0.07789278
اجتبى,-0.31896505,-0.10880916,0.03961606
امي,0.60590327,-0.1908324,0.07114813
ياولي,-0.22443755,0.037816465,0.0019442856
اماني,0.68971545,-0.0071769212,-0.02686745
اناب,-0.6374115,0.0042626853,0.020948226
حريق,-0.5491356,0.2503944,-0.03743732
املك,-0.8063094,-0.042798035,0.11716515
احصى,-0.7305414,-0.03101736,-0.007396833
يئس,-0.6060411,0.18102801,-0.03977809
ابوي,-0.42386496,-0.0038589889,0.017550984
نفرة,-0.7740466,-0.03714475,-0.021674383
صيد,-0.29917416,-0.060054716,-0.0034540961
ساق,-0.73100275,0.06329219,0.0056355363
خزن,-0.23832376,0.03685517,0.018578982
اسباط,0.08742214,-0.1671062,-0.12191872
اعتصم,0.10193366,-0.061339762,-0.023194557
محرم,0.9085181,-0.09914965,-0.044301167
غفلة,-0.61521596,0.01440364,-0.056371413
بغض,-0.0068581444,0.094043046,-0.094230264
وقود,1.4077247,0.39709288,-0.1996238
تؤمر,0.022904316,0.03781891,0.107036635
حاصب,-0.43909568,-0.07354438,0.051069714
اسوا,-0.86787975,0.040783223,-0.04347432
شد,-0.72942126,0.01506097,0.003615174
همن,-0.67723006,-0.09238947,-0.04787873
ابائ,-1.0139701,-0.0042450773,0.030682974
فدية,-0.1406576,-0.050014302,-0.07441098
صرح,-0.54266626,-0.008896967,-0.019804658
اينما,0.73034036,-0.008915991,0.1005351
منسك,0.07038586,-0.0047382503,-0.0009348671
امسك,-0.8727168,0.07447069,0.10453406
اكواب,-0.77547413,0.020119285,0.010244407
ايحسب,-0.79822856,0.0065291426,0.06065434
راضي,-1.1458048,0.0036901645,0.0035243058
اهد,1.3750284,0.44966862,0.54563206
عصف,-0.99718,0.004833363,0.0009836371
سقر,-0.85432297,0.011329945,-0.023176175
زنى,-0.65984577,0.12879463,-0.0115589
انشق,-0.8075084,0.04082341,0.028782237
مرفوع,-0.84658796,0.010680867,-0.011811404
فر,-1.0192791,-0.026114056,-0.0016105139
محروم,-1.1394728,0.00761562,0.0080624
ممنون,-0.8069207,0.048071694,-0.08726975
سدر,-0.9282261,0.046381768,0.0053666886
نعجة,-0.69469386,-0.012435509,-0.05432076
خدع,1.3120829,-0.41159865,-0.336286
استغنى,-0.76193887,0.013372078,-0.008669417
رءاه,-0.6556893,-0.030793479,-0.013997321
مكنون,-0.99840957,0.0119920755,-0.0015690996
ناصر,-1.0375096,0.0063636876,-0.0092921425
زجر,-0.9247065,0.0037979125,0.026290987
صوت,-0.6824143,-0.076409936,-0.07603059
زلفى,-0.87254804,0.043089233,0.0033953278
تكبر,0.17992993,0.0049985424,0.047639735
اموت,1.4099584,-0.16055794,-0.10271149
نات,0.110982746,-0.100434415,0.06029505
جاعل,0.8197557,0.13826744,0.065452665
نفد,-0.8272981,-0.011179158,0.04001276
خبر,-0.64243126,0.071320854,-0.055308808
بلاء,0.53256637,0.21137623,0.02377301
سفينة,-0.7448974,-0.015926145,-0.054797716
جوع,-0.064570546,-0.0027861856,-0.029264404
سد,-0.8345924,-0.027116723,-0.034960248
اهتز,-0.88326186,-0.077815816,0.0209973
ءاباؤهم,0.39846963,-0.0045227385,-0.025346354
علقة,-0.34854767,0.03858468,0.11871956
ادري,-0.79076356,-0.057176705,-0.039539
ابتلى,0.43339062,-0.061947297,-0.0021524355
المن,0.936916,-0.12567756,-0.07580295
قدس,0.6896358,-0.1375475,-0.009501512
اسرى,0.113550276,-0.067499235,-0.018862467
قصاص,0.7464398,-0.049093008,0.022798518
حط,-0.022975797,0.09593268,0.016404264
افرءيت,-1.0503275,-0.014142341,0.00040885885
ءاباء,-0.8336469,0.04075753,-0.04694267
ءالهتكم,-0.66380334,-0.03434486,0.028806273
ءاتيكم,-0.8922356,0.167624,-0.07241269
أودى,-0.99320596,-0.010333689,-0.09277753
أقر,-0.8184961,-0.0018476881,-0.02598414
اقر,-0.73368657,0.0011246661,0.0013910023
أسر,0.25834817,-0.041072715,0.017273108
افلح,-0.79805356,0.03692626,-0.020211495
ميثقكم,0.12901141,0.06859739,-0.06390816
مطمئن,-0.87340695,-0.02321622,-0.044589408
نبذ,0.48286003,-0.15571555,-0.061196003
بحرين,-0.6332889,0.038621996,-0.02802374
زور,-0.65251005,-0.0024614257,0.06605118
صفا,0.33551383,-0.019817851,0.030909419
هات,0.34501863,0.039221458,0.17204592
ازلف,-1.0984885,0.14441635,-0.034921616
اعف,0.52675956,0.06984608,0.09205412
ممتر,0.09871774,-0.07915145,-0.0047463677
مولي,0.31674218,-0.046871506,0.059386354
سراج,-0.8604398,-0.0040875706,-0.0062038647
تقرب,0.59780866,0.093682386,0.11142693
فرار,-0.56917596,0.007578514,0.0056382706
نسف,-0.7088788,0.09520726,0.008814299
ثبور,-0.81401384,-0.0693578,0.0013578421
اصيل,-0.7050251,0.005296241,0.030332694
ءابائكم,-0.7858389,-0.06672417,-0.006836484
عورة,-0.5148019,-0.040969495,-0.01546915
اساور,-0.6197208,0.21047704,-0.028818464
استبرق,-0.3878161,0.13766354,-0.014056602
باساء,-0.027332745,-0.11133842,-0.105634294
ءاباءهم,-0.7327181,0.034820095,-0.015043293
معين,-0.9945614,-0.023254357,0.03480773
مرء,0.22331226,0.02114076,0.06305799
منتصر,-0.8063116,-0.014284668,-0.0069135376
ملؤا,-0.84831464,-0.09253918,-0.07744288
عقيم,-1.0498903,0.089160144,0.08450552
مقتدر,-0.72814137,-0.0033176972,0.10138577
شاكر,0.21782564,-0.021740349,0.06629248
اهلكنهم,-0.95096767,-0.019215142,-0.0660217
اهتد,0.49699485,-0.09780297,-0.032929562
تواصى,-0.61558104,0.029622346,-0.0618026
تات,0.089329,-0.09544696,0.044305425
مقعد,-0.35221323,-0.121925265,0.028994324
أجهد,-0.47355705,-0.031486295,0.042145297
اهؤلاء,-0.58883893,-0.05910677,-0.01694834
دائرة,-0.41758612,0.10575128,0.057217017
ياتوك,-0.54762036,-0.009229199,0.043464337
تقبل,-0.8045109,0.06156972,-0.0043934905
يعذبكم,-0.8405025,0.20388776,0.0053947493
برهن,-0.5904703,-0.07242487,-0.10556707
غلا,-0.7709889,-0.16402632,0.008401615
يونس,-0.69261944,-0.024943534,-0.050326
ايوب,-0.4116659,-0.027532548,-0.0489647
استخرج,-0.477951,0.06442842,0.025575992
صلب,-0.78857785,0.021809474,-0.014933041
طريق,-0.6209725,0.11267129,-0.009335309
تعرض,-0.2618147,0.032690108,-0.013798171
أصلح,-0.742926,0.0644772,0.0041790917
طغي,-0.59889364,-0.05731718,-0.113525964
فاض,-0.60411,-0.041316703,0.018627364
وبال,-0.50676936,0.17898825,-0.032439698
فاخذنهم,-0.38240954,-0.0077283215,0.044401493
اتقو,-1.072894,-0.12077245,-0.06688065
ائتنا,-0.9128979,0.12834013,0.008259551
انجى,-0.81402427,-0.062422894,-0.038149353
يتوفىكم,-0.5382283,-0.04657155,0.08787928
ورقة,-0.6903786,0.120669544,-0.010300952
دابر,-0.6750779,0.028969774,0.03223646
قادر,-0.71338505,-0.00851591,0.06700702
اشياء,-0.51161176,-0.09291081,-0.0098190615
استعذ,-0.49440458,-0.092194,0.031951774
ائنكم,-1.0165108,-0.06216879,0.03763046
تضرع,-0.390942,-0.0056319227,-0.013698426
كاشف,-0.85202324,0.052310407,0.08498001
اغير,-0.7114254,0.035086032,0.064857736
يقتلونكم,0.24159199,-0.0152572915,0.061560325
ءاذان,-0.5350372,0.02568259,0.008439843
اسلح,-0.060542483,0.057470117,-0.113576345
مجهد,-0.58396524,0.097926594,0.07841263
جمعان,-0.685501,0.03423848,0.06800089
ادفع,-0.60878825,-0.0182226,-0.0065648225
ينصركم,-0.41566613,-0.0021650575,-0.010109038
متوكل,-0.6440372,-0.028482672,0.06360829
متم,-0.7526196,0.04044997,0.03926123
حسرة,-0.6658269,0.008098337,-0.0058392608
قعود,-0.5072386,-0.0050311014,-0.036936857
جهلي,-0.4381239,-0.05693463,-0.06390214
صابر,-0.34582213,-0.050897434,0.018901715
اهم,-0.39384252,0.028602125,0.011400354
كيلا,-0.17358845,-0.02900757,0.0483854
أحس,-0.4238832,0.08707951,-0.01043499
اعقب,-0.3165443,0.03786172,0.0120322155
محمد,-0.7162662,-0.067420796,-0.005146535
قصة,-1.002593,-0.06298768,-0.00488978
ضاع,-0.60208404,0.002782511,-0.040373735
ربع,-0.44596612,-0.09439958,-0.0076667336
مغنم,-0.6807029,-0.0076341187,0.0038064618
مدخل,-0.6283276,0.06935017,0.0041792924
اصدق,-0.9101333,0.09492948,-0.0107155405
برج,-0.37571785,0.07299407,0.0693554
انفر,-0.7330009,-0.04131033,-0.057908423
اقتل,-0.62474984,-0.07726401,0.003975917
فخور,-0.4562147,0.019404707,0.012896153
عقد,-0.6577089,-0.021185875,-0.012399784
محصنت,-0.36830166,0.13609862,-0.008106417
هني,-0.66836584,-0.020756178,-0.047574416
طول,-0.6260707,-0.04666864,0.05644153
اخذن,-0.532004,0.051379614,-0.012387127
بت,-0.6054136,-0.08885923,-0.053856377
اخ,0.17820089,-0.05811162,-0.010462817
اثنتان,-0.38633454,-0.019086666,0.038969666
حسيب,-0.42982298,-0.034593157,0.005966845
اصنام,-0.6870665,-0.11921209,-0.033429284
نري,-0.66957444,-0.015818395,0.08043261
ملكوت,-0.8713193,-0.022485962,0.10225634
حصيد,-0.667059,0.0630367,0.002325137
اخسر,-0.68548614,0.12749451,-0.017233452
شان,-0.79563326,-0.009136909,0.031409733
شفاء,-1.0248253,-0.07153888,-0.0969007
يستخرون,-0.89843756,-0.00049764995,0.04394549
نرينك,-0.6135837,0.012190215,-0.001675424
امس,-0.7024723,-0.012225383,0.048192102
ايكم,-1.032348,-0.004099207,0.056012943
عمي,-0.7914926,-0.041778464,0.027700474
بايع,-0.74438196,-0.014545735,-0.015386831
مرج,-0.73388183,0.030340783,0.0014138612
مغرق,-0.7025236,0.060948905,-0.0018351789
اعتذر,-0.53683764,-0.009216314,-0.07510792
تعجب,-0.55614084,-0.003857264,-0.009058064
عشير,-0.42953673,0.0061438964,-0.0313035
نرىك,-0.59662247,0.015925497,-0.124400206
ينوح,-0.98447376,0.004449202,-0.05841487
فائز,-0.9145383,0.08888869,-0.032346655
سول,-0.7733801,-0.0140576055,0.035567623
احلم,-0.8750819,-0.05118931,0.03729655
رءيا,-0.93097603,-0.071877904,-0.021433502
مكين,-0.86097544,-0.018868176,0.016889954
ذل,-0.6058022,0.05750297,-0.0024077846
نبئ,-0.57171446,-0.038520195,0.024476558
اكرم,-0.8712071,-0.0056743966,0.015646694
عصبة,-0.59809035,0.0022839005,-0.020066613
ينفعكم,-1.1463741,0.06481091,0.024142649
ارتقب,-0.8640946,0.07075743,0.008247517
يابرهيم,-1.0504845,-0.011540524,-0.00017891925
مجيد,-0.94960046,-0.031965345,-0.014720988
شيخ,-0.5988271,0.048493445,0.07584257
عجوز,-0.84611666,0.019924037,0.018672006
عنيد,-0.79470545,0.068831004,-0.025983224
استحب,-0.737231,0.13947974,-0.0683826
صدور,-0.79310304,-0.029659882,0.0066222153
احب,-0.5807824,-0.023531843,-0.032812227
شرح,-0.8653755,-0.023207562,0.03184751
خلئف,-0.7754054,0.03130727,0.0006091042
فوحش,-0.5828822,0.006546353,0.07683522
لصدقون,-0.38206857,0.012554658,-0.02552352
ثمنية,-0.8647211,-0.02024291,0.053975742
أسرف,-0.52627957,-6.1869316e-05,-0.00032946645
أولى,-0.8054231,0.03887041,0.008732255
اجرم,-0.7038577,0.04151889,-0.018197749
دعوى,-0.42570725,0.033479147,-0.001783714
باطن,-0.8440711,0.048677906,0.06841391
صحبة,-0.85580885,-0.056356866,0.06000709
زيتون,-0.69231373,0.13221362,-0.009391227
تدني,-0.6080179,0.11491766,-0.044212807
زخرف,-0.49280494,0.019503755,0.0026386722
تؤفكون,-0.8529927,-0.07114019,0.10101344
اهلكنها,-0.8025165,0.0058301487,-0.06648641
غائب,-0.99646527,-0.01611298,-0.017038345
عهدتم,-0.8979185,-0.111095615,0.0041927714
هد,-0.5633503,-0.016816117,0.025470568
يؤتكم,-0.75957006,-0.028940765,0.0064446446
منام,-0.6417351,-9.673127e-05,0.019966817
اعناق,-0.7545251,0.2017412,-0.09109029
غدو,-0.8228597,0.023453943,-0.010531541
انجي,-0.8297309,0.03377193,-0.056716654
قطعن,-0.6987328,-0.052433524,0.033226527
مفتري,-0.9104758,-0.112430565,0.023252642
املان,-0.63413405,0.19559069,0.006429541
جسد,-0.67543346,-0.027345926,0.0062440047
دك,-0.7777784,-0.017700441,0.02577327
منقلب,-0.8218029,-0.009407289,-0.017732125
رجفة,-0.44152805,0.08100079,0.008159766
نحت,-0.8899021,-0.026125949,0.005477804
ذرو,-0.76588756,-0.03585961,0.034239985
كبت,-0.44018131,-0.011287708,-0.106778696
وءاي,-0.8630173,0.008626565,0.011520971
صبار,-0.8595206,0.011259907,0.011891091
ونه,-0.5386879,-0.03852769,0.05491026
تطهر,-0.11939863,-0.07875697,-0.00086013303
علانية,-0.5402211,-0.043584496,-0.15286459
ازكى,0.046326112,0.02471757,0.014744925
حرب,-0.58576,0.03552583,0.029774029
تصدق,-0.0642756,-0.03737745,-0.017938524
مسحور,-1.1339601,-0.017509596,-0.0035478238
حاضر,0.52035594,0.05824942,-0.037973862
اقوم,-0.5000983,0.026818931,-0.01932093
أبطل,-0.26263374,-0.1336688,-0.13845326
خاب,-0.92992467,-0.0073615564,0.0025368852
صلصل,-0.823508,-0.03631681,0.04223385
اصر,-0.33066288,-0.033607807,-0.032749213
شق,-0.56350815,-0.027515588,0.04206471
قبض,0.48184106,-0.012016926,0.014397404
ءاتيتموهن,0.08347256,-0.046427447,-0.07596598
انتقام,-0.65790856,0.018646423,0.24216619
دفع,-0.20565778,-0.050379593,0.059468996
اطمأن,-0.3941651,-0.08214615,-0.06573411
محراب,0.08017245,-0.005538706,0.016450029
افغير,-0.16527449,-0.04866517,0.08847673
فسوق,-0.07489729,-0.048941657,0.04604468
أقرض,0.08982584,0.038192313,0.0024245027
اقتتل,-0.23820242,-0.03871101,-0.022337943
حلية,-0.69171864,0.082970485,-0.014182829
يعيسى,-0.59400994,-0.07608468,0.0708828
نسل,-0.45858672,0.02116103,-0.009197946
اولياؤ,-0.03080624,0.15773451,-0.058690082
سقف,-0.89134353,0.060421634,0.004029446
أكره,-0.15405393,0.07870123,-0.0666991
عنت,-0.029408745,-0.021854116,0.08864475
انفقتم,-0.08819362,-0.100637704,0.003938841
ارسلتم,-1.0461767,-0.06513102,-0.065579645
صال,-0.3775126,0.021749223,0.006621012
اقتلو,-0.2410284,0.0537229,-0.008473261
حمار,-0.4898442,-0.020875651,0.003619594
نحي,-0.8967518,0.010332901,0.029921006
ادبار,-0.12521718,0.038533263,-0.0068561514
اوفى,-0.3514129,-0.037942283,0.0046097892
اغنياء,-0.3916934,-0.052127026,0.04679425
درجة,-0.058263723,0.03035744,0.09809231
نبؤ,-0.64372885,0.053192202,0.027937666
استطع,-0.16049449,0.05327395,0.017850202
مقرن,-0.67806363,0.03421033,-0.0049769785
اطهر,-0.3577901,0.060152207,-0.024840713
اعتزل,-0.34195748,-0.0697651,-0.021457793
أسقى,-1.000596,0.047183502,0.070164345
هانتم,-0.51885515,-0.0038965396,-0.035949938
امنتم,-0.20783092,0.017718758,-0.018993715
قصص,-0.3182464,-0.093750685,0.008210197
متقبل,-0.8216233,0.004459912,-0.0020937957
لقيتم,-0.4878401,-0.10464868,-0.099087164
ثلة,-0.86252,-0.0058695306,-0.015321719
شاق,-1.0284133,-0.03181057,0.06305632
ألحد,-0.6943908,-0.012307474,0.00334912
جو,-0.59663516,0.026432391,0.07418428
اعنق,-0.9146076,0.006830608,0.034167167
متين,-0.78774095,0.0053435653,0.001583372
اصال,-0.5475137,-0.012056463,-0.028484121
ربط,-0.8464481,-0.046616055,0.0083903
اقعد,-1.0367641,-0.09343079,-0.02323272
استجيب,-0.71795106,0.0019332266,0.0014957289
خان,-0.77116954,-0.15849507,0.00090295763
زهق,-0.69289535,0.17951138,-0.0016702168
مشركت,-0.29164866,-0.03429541,0.033780683
قارورة,-0.9057498,-0.018479915,-0.011469295
متربص,-0.71355724,0.042654846,0.010806573
صحب,-0.808494,0.0012431443,-0.043159846
أروى,-0.8496968,-0.05528564,-0.0648083
جهاد,-0.6715017,-0.037806798,0.006569696
مسنون,-1.0182701,-0.0019948704,-0.018932935
محيض,0.10552024,0.038215738,0.021909347
مالي,-0.8107075,-0.0007671559,0.026246173
نمل,-0.36105192,-0.018817302,-0.06609323
وزع,-0.83750767,0.043144573,0.03880861
تنزل,-1.107817,-0.029956248,0.05397448
اعظم,-0.9484182,0.049126465,0.0619606
يستون,-1.0211409,0.018392112,0.016740484
مشحون,-0.9491437,-0.00019388537,0.02107966
فصد,-1.1180243,0.09021258,-0.037296563
جئنك,-0.51237774,-0.0046668993,0.035206612
ذرا,0.025104284,0.047879837,0.06323025
ارذل,-0.77247363,0.02522506,0.0498958
فاتوهن,-0.005250458,0.012011161,0.02570868
زدن,-1.0252159,0.08688216,-0.0048537347
مضى,-0.91564125,-0.0013839193,0.01867722
ضيع,-0.5291749,0.043849383,-0.08538209
عمد,-1.1705264,0.0328148,0.0747086
اجاج,-0.44726902,0.041891515,0.034823205
لخسرون,-0.98369056,-0.0044266763,-0.021340432
انصرني,-1.0291189,0.0052927984,0.034408577
اتات,-0.96259284,-0.061516702,-0.04745141
يستعتبون,-1.0475372,0.097564876,0.00016962543
اركع,0.46648648,-0.10886049,-0.12143841
بوا,-0.380792,-0.053879406,-0.02699647
دهن,-0.83217347,0.031788297,0.00062168133
لقدرون,-1.1045983,-0.027786687,0.046138417
فياخذكم,-0.73881304,0.20772515,-0.00575479
تمسو,-0.7703706,0.22094066,0.017652303
استعين,1.3003355,-0.13728885,-0.11954941
بئر,-0.80955195,0.041762922,0.03840899
رحل,-0.9633878,-0.05490811,-0.006365686
موثق,-0.7747286,-0.05839318,0.0126739405
سميتموها,-0.49728677,-0.13759474,-0.041235574
لنرىك,-0.8675787,-0.07961694,-0.01158445
يكذبوك,-1.0803494,-0.025174288,0.015160291
مسخرة,-0.770199,-0.013037573,0.048058137
ولج,-1.1673279,0.050368845,0.05542066
يستقدمون,-0.90684396,0.012152007,0.042992264
عظم,-1.2372282,0.01489956,-0.008283221
اتقولون,-0.62404734,-0.07691397,0.060206026
احي,-0.5651746,-0.09890827,0.034199968
مدحور,-0.82473207,0.067578465,0.008537633
يشعيب,-0.8145761,-0.048358694,-3.432315e-05
انشان,-0.8891758,-0.02063677,-0.014447379
رغد,1.3306392,0.24739046,-0.03190341
فرع,-0.78288615,-0.03527658,-0.0013354159
معذرة,-0.84191674,0.09337825,-0.023885684
فرات,-0.8269348,0.0312684,0.03470614
فجعلنه,-0.7136315,-0.0026675356,0.008520074
لينا,-0.687036,-0.044127274,0.066848695
اختار,-0.87278426,-0.029346852,0.045468263
حديقة,-0.9497221,-0.0022772113,0.0055229478
باغي,-0.018605558,-0.088459834,0.18309619
اسفا,-0.9557861,-0.03008386,-0.03958377
ياتينكم,1.0598416,-0.13513076,-0.17256802
الواح,-0.5737813,-0.063553624,-0.024153922
تعدى,-0.48985147,0.03359742,-0.03142702
غض,-0.93364453,-0.05410865,-0.034489427
فاغرقنهم,-0.8528815,0.10782002,-0.030285284
قهر,-0.7691938,-0.0030433224,0.02034201
سخري,-0.9352737,0.036772512,-0.013397924
برزخ,-0.73984015,0.07211529,-0.019868193
وءاباؤنا,-0.7837884,0.016121387,-0.01527481
فامسكوهن,-0.032132205,-0.039758343,0.037659887
ايي,0.94402355,-0.13397673,0.05484265
ءاذن,-0.98668206,-0.00073394517,-0.028536778
تلقف,-0.9023562,-0.03446706,-0.043631695
غمرة,-0.9440744,0.0061679967,0.01243979
ارج,-0.6719202,0.013977821,-0.016340382
رهب,-0.722555,0.026782945,-0.0014792692
انتشر,-0.90108436,-0.062222734,-0.022761377
ملج,-0.7068834,0.032511782,0.06316944
اوتاد,-1.0993935,-0.026556773,-0.008656864
انيب,-0.9598432,-0.0062638046,0.0365864
ازف,-0.83966184,0.009308612,-0.036637392
لان,-0.7486653,-0.03752383,0.0014561876
أنجى,-0.9580144,0.075828746,-0.014227829
احتسب,-0.9863593,0.060569685,0.032114618
سجيل,-0.89171493,-9.5466494e-05,-0.00244168
يعباد,-1.0361675,-0.012346207,-0.049618144
التفت,-0.7185536,-0.020112073,0.0031836482
خطاب,-0.8413316,0.010314434,0.08666401
رشيد,-1.2542458,-0.040535502,-0.0075239292
ذرع,-0.81631446,-0.006122404,-0.0004071326
اسبب,-0.97475463,0.001547109,0.08208802
ظلمنهم,-1.0382547,0.0073181554,0.036914945
اجيب,-0.17748365,-0.009941779,0.040167026
تولي,-0.97319037,-0.00071304385,0.03199786
ماد,-0.86865115,0.03481013,0.048060104
ءاباءكم,0.6231031,-0.114803836,-0.07613835
فراغ,-0.9472897,0.0051095146,-0.006603594
زقوم,-1.1576456,-0.034232747,-0.00066259806
اوجس,-0.8728956,-0.03066544,-0.005033245
فعقروها,-0.6384426,0.01778118,0.030484956
انؤمن,1.2842027,-0.5669055,-1.0170969
ناصية,-0.9029262,-0.0036388272,0.01710109
بسلم,-0.82068866,0.0786554,-0.011242624
تدعونني,-0.8169095,0.0762115,0.03432782
مشهود,-1.028063,0.06281486,-0.039385293
تسلن,-1.0621599,0.049808465,-0.03681429
محل,-0.57443047,0.017188504,-0.027127646
مزاج,-0.961001,0.0049519064,-0.01084896
شداد,-0.79066396,0.034324612,0.009755228
مصلي,-1.1215373,0.007496702,-0.0050311126
حض,-1.0393748,0.036842197,0.0031637743
مشم,-0.83527243,0.07831272,0.010893283
ميمنة,-0.8586915,0.09701153,-0.0042425003
ابيض,0.20188582,0.018331878,-0.0110179195
انسى,-0.97464687,0.009757521,-0.03791169
اعتد,-0.117600344,-0.056191932,0.019097146
اشر,-0.90427107,-0.020417372,-0.011292243
سعر,-0.6988233,0.035300054,-0.045732763
هان,-0.8313269,-0.003268334,0.0308849
صرصر,-1.0563612,0.026573809,-0.011780963
منتهى,-1.1612196,0.009033332,0.010662239
كامل,-0.31553328,0.060895532,0.036459886
طاغي,-0.8627159,-0.011511871,-0.017409962
ذئب,-0.7939073,0.005425969,-0.004765309
لحفظون,-0.9437961,-0.05088007,-0.037666053
قوه,-0.4721302,-0.023268947,0.0059149847
دخر,-0.8961023,-0.046326064,0.075366706
تطغو,-0.8821756,0.031237569,0.020753175
جوار,-0.9041354,-0.029239835,0.063552395
ابشر,-0.9744883,0.010444114,-0.06325134
زفير,-1.0405256,-0.008465493,-0.038100023
اسلك,-1.0781682,0.013336074,0.018004328
فار,-1.031132,-0.007852374,0.02506883
لمز,-0.89997065,0.044210967,0.03237894
يسومونكم,0.74933183,0.28243655,-0.07559514
احبط,-1.1753808,-0.014573575,-0.050782908
منتقم,-0.8515034,-0.007860165,0.0014582886
أعرج,-0.6873492,-0.030609742,0.086140305
غاظ,-0.8308645,0.018584533,0.0029729393
ميسر,-0.3535605,-0.08625563,-0.079743385
اسس,-0.6319308,0.071243875,-0.0022056215
غيث,-0.63620853,0.0042081634,-0.009677481
والد,-0.85946435,-0.02320897,-0.038917657
تتفكرون,-0.3107975,-0.0377682,0.025078682
اعترف,-0.4225556,0.061350446,-0.008971352
مصفر,-0.5927269,0.056404408,-0.01823957
مغرم,-0.773167,0.0118150385,-0.040183913
اسو,-1.2260276,0.02732851,-0.022706022
متشب,1.2829467,0.018645227,-0.016378077
اخبار,-0.59771836,-0.039611004,0.007160121
احمل,-1.1289142,0.0076593687,0.002805522
يبدئ,-0.8998486,-0.004891379,0.08981041
نفاق,-0.51852816,0.011036642,-0.028518254
وليعلمن,-0.8712392,-0.029726565,-0.05783953
نادي,-0.9971597,0.024949614,0.0043856855
فاخذنه,-0.9229783,0.07833336,-0.052256502
فاخونكم,0.24898568,-0.07744442,0.0028175653
نسق,-0.92724675,-0.0045526526,0.02752615
فوج,-0.8128075,0.07017478,-0.0065528075
أفتن,-0.88277066,0.030377155,-0.0025315776
ضياء,-0.8813818,-0.031092444,0.009712791
اخفض,-0.8904685,0.0026668021,-0.040077288
يردوكم,-0.08675277,0.05664682,-0.049665406
بادي,-0.26558635,0.034395743,-0.025533833
زلزل,-0.28749177,0.015118379,0.0048725326
أوفى,-0.9501419,0.0920003,-0.0076645217
تارك,-0.7684013,-0.066273846,-0.030089512
غرق,-0.827739,-0.077977836,-0.034681287
فنجينه,-0.92476207,0.0030450926,-0.04454156
طمس,-0.88141376,0.04210728,0.004359236
نذيق,-0.94506633,0.32495716,-0.046184532
نفخة,-1.0775124,0.018724315,0.021415107
نتوفينك,-0.8932033,0.0022112934,0.016478442
خطف,0.8306264,0.30320013,0.33294567
تصرف,-0.6540147,-0.0014968038,0.024159115
افاء,-0.9263332,-0.095652305,0.015208714
اجداث,-0.97882926,0.028619274,0.009250438
أنقذ,-0.9607472,0.0801307,0.0022035835
سابق,-1.0203688,0.048203733,-0.018117215
مثقل,-0.7262658,0.023066007,0.032897368
بار,-0.9083624,0.07673869,-0.012104337
عاصم,-0.83330935,0.06797859,0.01082209
ارون,-0.78122103,-0.00012785697,0.16137251
قتر,-0.80239695,0.04130105,-0.0068598227
بناء,0.9615422,-0.048082724,0.008542198
أرهق,-0.757932,0.042048294,-0.025583435
أدرى,-1.0536548,-0.033082057,-0.028319562
نذقه,-0.86694854,0.20350546,-0.047201112
طفل,-0.58031875,-0.005702902,0.011751311
حاد,-0.4761816,0.10097253,-0.021507034
يحرف,-0.5881249,-0.009507762,0.0057459227
مرح,-0.9612781,-0.051414073,0.05784112
جاءوكم,-1.0676049,0.02079294,-0.028886769
جامع,-0.6223783,-0.014445543,-0.020495461
حرض,-0.44044274,-0.03084826,-0.03153727
اطراف,-0.9955951,-0.027270684,-0.0041190335
راي,-0.34718865,0.022680229,0.040102433
مطلع,-1.014133,-0.016651874,-0.019262051
شهوت,-0.4812141,0.06485245,-0.050330475
تسليم,-0.7066639,-0.044363976,-0.03811861
فتيل,-0.8122934,0.012755589,-0.024300693
موضع,-0.349275,-0.016207185,-0.024769004
سكرى,-0.8121936,0.06553894,-0.04114404
بال,-0.87231493,-0.030313281,-0.0126359705
ياذن,-1.091608,0.014704802,0.082706094
مسوم,-0.2905447,0.028919332,-0.022512399
جبرئيل,0.693227,-0.050417226,0.045909677
مختال,-0.50861007,-0.042358276,0.042464614
جار,-0.5685581,-0.024767233,0.036047302
صخر,-0.7394974,-0.0032457905,0.026183993
فرد,-0.5215365,0.052661777,-0.01860014
سلي,-0.57492566,-0.008402763,0.020136269
ياتيني,-0.77662355,-0.0305802,0.018666409
كظيم,-1.1043714,-0.020136477,0.00091143564
ميل,-0.28476095,0.094421476,-0.017028434
وهاب,-0.8522672,-0.0104543725,0.10491582
تقي,-1.0763723,0.00047479165,7.223895e-05
مضل,-1.0880115,-0.04420528,0.01682138
وقفي,0.7552802,-0.15226708,-0.0048354664
بهيمة,-0.42001572,-0.071248055,0.030013194
سيم,-0.50140935,-0.0110853715,-0.03775547
استنكف,-0.8334996,0.01840904,-0.0017062171
زبور,-0.5956958,-0.07151632,-0.021605695
اقسط,-0.27000892,-0.026412588,0.08900063
واكل,-0.4977096,0.06569276,-0.023027921
سيرة,-0.77643067,-0.0070254225,0.03879306
اصطبر,-0.9349866,-0.020002412,0.013367351
صادق,-0.72670233,-0.089141965,-0.0407387
أدان,-0.7427004,0.010609145,-0.0038841786
حرص,-0.51643556,-0.03395336,0.001937763
شح,-0.8102242,0.050120752,0.0038348816
خصيم,-0.3221501,-0.07880038,-0.02470032
امك,-0.78223455,-2.0378953e-05,-0.032313257
حملة,-0.59229034,-0.06379642,-0.0720951
خليل,-1.0495821,-0.022830695,-0.032177985
هوي,0.35544422,-0.15215622,-0.045947727
قيل,-0.61044085,0.0055382056,0.009239312
خسران,-0.8630295,0.07609555,-0.13530463
بئسما,0.7917919,-0.047379915,-0.026502082
جذع,-0.9431396,0.00062550546,-0.024621833
احتمل,-0.02853628,0.01808552,-0.0038146344
بري,-0.6003052,0.13154173,-0.009322986
تجدل,-0.67485785,-0.032472815,-0.028764462
احصن,-0.11227227,0.024242366,-0.0031085392
متخذ,-0.19753398,0.034920298,-0.00039079395
رضو,-0.6712092,0.036723085,0.07125678
صعد,-0.5775009,0.0078282645,0.002249548
غل,-0.21639189,0.09140439,-0.018765448
غالب,-0.59546965,-0.056363314,-0.02558506
تربة,-0.86873657,0.0146757,0.03808952
اشقى,-1.0130231,-0.019657418,-0.0028250343
اعذب,-0.4824722,0.13138385,-0.10053848
تب,0.43941128,0.012921144,0.058023356
ارباب,-0.36565077,-0.06909485,0.013994163
مضجع,-0.55048037,-0.025943851,0.020985994
خائف,0.6471284,0.06417187,-0.06649204
ارزق,-0.22390209,0.039597273,-0.02581526
اذقان,-0.75553644,-0.022575805,-0.012796582
أدى,-0.67935693,-0.22095385,-0.115267634
اكتب,-0.69502085,-0.034662403,-0.040967803
مقدار,-0.8536739,0.002209651,0.03222183
نؤ,-0.52384996,0.1845707,-0.013872533
تمني,-0.67214614,-0.035982653,0.021807298
قرح,-0.21482277,0.018741917,-0.026600594
خسار,-1.2894098,0.028068671,-0.06316615
فتر,-0.9701027,-0.039751433,-0.017173696
بيان,-0.9711688,0.050933152,-0.019745054
أصر,-0.22887811,0.0011277355,0.026098635
راكع,0.18636672,0.06547423,0.022097735
اضعف,-0.6349304,0.016146863,-0.058399353
مدد,-0.34041563,-0.0061167185,-0.025250271
سخط,-0.45872432,0.13491078,0.03889257
تحويل,-1.2071257,-0.06729565,0.03959949
قيوم,0.017139476,-0.08134176,0.0496992
ويستعجلونك,-1.0558232,0.10404357,-0.029200565
سكرة,-1.0756085,-0.016578667,0.012941781
بامولكم,-0.5622929,0.007001601,0.04285758
عمة,-0.10911572,-0.103229225,-0.107961155
متصدق,-0.9358245,-0.013583325,-0.045214437
أوقد,-0.99794,0.10275413,-0.024895247
قديم,-1.172783,-0.028163066,0.0012158875
زبد,-0.73250467,0.10869112,-0.044636864
سدس,-0.39496237,-0.049420908,0.033967376
قسمة,-0.58907366,-0.025478952,0.0039691986
سندس,-0.5339034,0.044735894,-0.003775303
كثر,-0.86831266,-0.0052278275,-0.002702304
مارى,-0.8071836,-0.002659788,-0.03418107
يحسبن,-0.8232711,0.0011975712,0.007219184
سيد,-0.6971013,0.08622733,-0.057653546
عاقر,-0.604551,-0.005633709,0.04554568
مثنى,-0.24991283,0.002380483,0.032152105
انكح,-0.72279143,0.047078904,-0.05935577
سأل,0.101222165,0.015691385,-0.0057468927
حواري,-0.57682174,-0.07808879,0.024566371
حسد,0.10230098,0.10005405,0.026941065
تخلف,-0.39570418,0.056481984,0.011436959
ذائقة,-0.66147166,-0.0089182425,0.023969049
قربان,-0.419832,0.018554443,-0.0023281313
ميز,-0.51681966,-0.015185031,-0.0070316405
شعئر,-0.7835398,-0.06106294,0.0012845958
يجرمنكم,-0.69927645,-0.02837793,0.014697775
وزن,-0.97241664,0.018715829,-0.056205247
عاجل,-0.9646615,0.03255787,-0.0002685076
حسبان,-0.7274689,0.07036453,0.07155745
انصر,-0.467848,0.027091222,-0.009666888
فالق,-0.72855365,-0.001178054,0.0057013556
ءابائهم,-0.9710261,0.1588504,-0.034809653
حاجة,-1.0906302,-0.059008643,0.024004888
عير,-1.0056503,0.019997546,-0.010884756
نتلو,-0.46498126,-0.11064467,-0.029220292
اقصا,-0.8436368,-0.0435788,-0.00054431363
اثنتا,0.4161215,-0.03986308,-0.039333455
خلة,-0.4189222,-0.019668158,-0.033890985
نوم,-0.047378212,-0.03385255,0.0196904
يابس,-0.48162496,0.031356674,-0.0874353
قر,-0.92522913,-0.006763142,-0.009675116
استمسك,-0.60349905,-0.08109208,0.013674847
مفاتح,-0.59496367,-0.023231823,-0.022750715
فج,-0.6930224,-0.006012213,0.030389003
اتراب,-0.91504824,0.0011405374,0.001635541
ارتضى,-1.0816933,0.023434393,0.026658585
طرد,-0.3767721,0.019259527,0.05043373
يصدف,-0.49990687,0.065110944,0.016515743
مبلسون,-0.71859235,0.0032928828,-0.020093309
يمن,-0.8354768,-0.07901703,0.039856363
طار,-0.8577873,0.072728254,-0.0053388495
فاعبدون,-0.9884458,-0.069348715,0.010620962
افرغ,-0.57974184,0.032136973,-0.027032865
رمان,-0.71979964,0.031795077,-0.03331351
مذموم,-0.9882588,0.0322359,0.0058649196
مضغة,-0.515014,0.056177728,0.08396048
مولود,0.21335474,-0.06490049,-0.020206556
حرير,-0.99582756,0.05288408,-0.019415649
اردتم,0.101086974,0.010045947,0.013621216
ءاتيتم,-0.25529495,-0.031810302,0.0060275993
ممات,-0.9076015,0.01042169,-0.02251622
ألهى,-0.9760715,-0.058602724,-0.021392565
عقدة,0.29504746,-0.0352527,0.0427775
اختلط,-0.7465792,0.038641445,0.059667155
مهطعين,-1.0782138,0.03688943,-0.002538222
انش,-0.9103288,0.07555284,-0.007078622
طائف,0.22375366,-0.04257395,-0.0022071796
استخلف,-0.6967177,-0.008084814,0.038786475
خرق,-0.48525622,-0.048011668,0.08629534
وءال,-0.31432536,-0.05667991,-0.0036614363
يمعشر,-0.92726064,0.027028054,0.06472219
كانما,-0.87310576,0.035488117,0.0058193957
بارئ,0.59375405,-0.01562187,0.14557105
اسمعيل,-0.8700325,-0.09386696,0.027451575
فاجعل,-1.0545146,-0.11053558,-0.0691202
جالوت,0.000782723,-0.013046649,-0.020341279
يخرصون,-0.85071534,0.02727711,0.0537319
جعلنك,-0.94086224,-0.0030297441,0.03911299
ولنجزينهم,-0.82878715,0.048310008,-0.092908636
سلوى,0.7135368,-0.12735215,-0.1062573
طئر,-0.64758855,-0.016909476,0.004059842
مبدل,-0.5867801,-0.060590565,0.007944152
اتمم,-0.6523532,0.021642076,0.032786615
احبار,-0.7855274,-0.11232085,-0.078082144
رسالة,-0.65028566,-0.09222481,-0.0066771256
عدوة,-0.5777538,0.03178171,-0.05632434
وابل,-0.6372896,0.071082845,0.014716616
ساحر,-0.82773256,-0.039428204,-0.01610448
انبئكم,-0.7417523,-0.06453237,-0.018228551
تفجر,0.91344446,0.057178672,-0.04704728
تيمم,-0.23299006,0.022631953,-0.0065881494
نفقة,-0.14298905,-0.03135141,-0.058435563
شتى,-0.8554286,0.02344738,0.018688211
اعطى,-0.9312411,-0.0057631135,0.03126829
اولا,0.77770233,-0.0024281717,-0.06941794
مقسط,-0.86870474,-0.043053593,0.016344307
عصم,-0.81808776,-0.05111023,-0.0060606967
سحت,-0.4534341,-0.014601743,0.0041411035
أنكر,-0.83322984,-0.11827852,-0.033366684
ادل,-0.9244338,0.0049405852,-0.07410264
يويلتى,-0.709688,0.014440275,0.057552785
طوى,-0.82804835,-0.031030469,0.016041156
واق,-1.1555216,0.053541563,0.005885631
تاس,-0.89137334,-0.03107143,-0.0003485689
مقدس,-0.8445034,0.00052600156,-0.006603591
احط,0.095595546,0.05531814,-0.038613398
اعدل,-0.52629435,-0.054983214,-0.046503384
ءانست,-0.5862875,0.08501425,-0.11062033
ترقب,-0.9958126,-0.04140144,-0.0151777575
اثر,-0.6658906,0.023312552,0.0124356765
نزغ,-0.76366,-0.06444804,0.03158533
انشا,-0.55671906,0.04630192,0.08233776
فسبحن,-1.1227672,0.00481068,0.035669558
وقف,-0.9119284,0.0465365,0.004405191
ينهون,-0.6391432,0.07852198,-0.0032459637
يفقهوه,-0.77857536,-0.027208712,-0.049667966
ءاتينكم,0.40620616,0.05537778,0.01022582
امو,-0.19933692,0.05748882,0.0618816
يمسسك,-0.8766243,0.007376233,0.054499023
معيشة,-0.94531935,0.1283608,-0.031652756
قرد,0.41565132,0.03919379,-0.010491599
حدث,-0.8486965,-0.03843428,-0.029768435
استهزئ,-0.51615256,0.013924889,0.012113041
فاهلكنهم,-0.78987277,0.04233588,-0.00023332411
وصم,-0.67822045,0.0420011,0.03954465
مدرار,-0.8494281,0.08265857,0.09306893
اجلا,-0.6928995,-0.01583072,0.08469808
ردى,-0.7212329,0.024120217,0.013303
أقسم,-0.88832057,-0.039145652,0.025422968
افعل,0.7922785,-0.053463425,0.061595313
اف,-1.0339825,-0.057757698,0.003205654
سيارة,-0.78080744,-0.038227085,0.009219785
رئاء,-0.6293228,-0.0010916556,-0.13753313
تخشو,0.25971517,0.0100678895,-0.021052856
ذلول,0.3941692,0.00037668296,0.04289884
أثار,0.8412582,-0.03595981,0.014428367
متشبه,0.17058477,-0.01684961,-0.07835778
