,word,dim1,dim2,dim3
0,الله,11.416921,10.490097,5.003253
1,قال,12.835512,8.3041115,9.234825
2,ارض,11.294979,10.793769,4.705295
3,كفر,6.0241933,11.417438,8.697847
4,يوم,5.181248,11.520244,8.631249
5,ءامن,13.331374,8.31616,10.258281
6,رسول,12.931327,8.382132,9.151833
7,قوم,12.519628,8.416009,9.12913
8,عذاب,5.0976686,11.607363,8.607071
9,عمل,4.8227873,12.062185,8.502436
10,حق,12.40044,8.543809,8.584635
11,ظلم,5.965694,11.617356,8.678192
12,جاء,12.896188,8.309049,9.283224
13,ناس,13.243093,8.40991,9.679745
14,خلق,11.339966,10.740162,4.731697
15,كذب,10.063381,9.193825,7.342649
16,مؤمن,13.345621,8.337728,10.250212
17,فان,11.634655,10.4494095,5.1131606
18,كتاب,13.330931,8.242038,10.110492
19,اولئك,5.586453,11.358946,8.67619
20,شاء,11.266939,10.690933,4.7567368
21,شيء,11.350018,10.737139,4.738339
22,هدى,12.202632,8.630894,8.416435
23,سمت,11.373752,10.733871,4.731602
24,امر,12.35712,10.656307,5.9942565
25,خير,9.27972,10.843158,6.5111575
26,سبيل,9.752049,10.31322,9.392626
27,ذكر,13.156231,9.033501,9.756301
28,اخر,5.381852,11.443357,8.647562
29,انما,12.938797,8.532463,8.859972
30,آمن,12.648676,8.394026,9.13209
31,انزل,13.302475,8.250639,9.954099
32,عليم,11.7077055,10.579476,4.973789
33,انفس,6.199109,11.2073345,8.34872
34,اتقى,12.066077,10.478057,5.451449
35,اني,11.735351,9.071719,8.767425
36,ياي,13.359648,8.264659,10.192737
37,صلح,4.832019,12.063248,8.491814
38,نار,5.2367687,11.570185,8.624669
39,قلب,10.655642,10.630535,10.444068
40,مبين,13.084194,8.311353,9.457453
41,انتم,12.319487,10.896802,9.503876
42,ملك,11.2993,10.797669,4.7472296
43,سماء,12.396193,10.5568905,5.938199
44,قتل,10.172992,9.398151,7.2595162
45,دنيا,5.332841,11.455878,8.660514
46,اتبع,12.988234,8.39426,9.439323
47,رحيم,11.099216,10.565841,4.9334016
48,رحمة,6.4419947,11.897565,8.204477
49,موسى,12.8607855,8.295625,9.321805
50,عظيم,4.975374,11.865256,8.513946
51,وعد,5.2688904,12.291786,8.393067
52,سمع,11.963007,8.795812,8.359019
53,اهل,13.308546,8.355966,9.73594
54,عبد,12.190936,10.263109,5.749481
55,عزيز,11.734592,10.507075,5.031288
56,كتب,13.20031,8.681934,9.898833
57,جنة,4.8436084,11.892729,8.490613
58,دعا,9.739083,10.857408,6.0488315
59,حكيم,11.240485,10.6749325,4.793373
60,دين,12.117658,8.684484,8.374185
61,صدق,9.027431,10.411264,8.072857
62,قول,12.46656,9.182884,8.58342
63,فضل,6.175393,12.049825,7.9413714
64,اعلم,11.634699,10.403238,5.209256
65,باي,10.100459,9.231825,7.3552084
66,ارسل,12.810164,8.319433,9.252036
67,غفور,11.7736225,10.432412,5.0572524
68,اما,9.677823,12.44972,10.127185
69,اله,12.087584,10.357592,5.559364
70,ايمن,10.37667,10.677171,9.869433
71,عباد,11.719042,10.544872,5.0921583
72,يك,13.236206,8.318731,9.887709
73,الم,12.40389,10.533124,5.962098
74,قيمة,5.3622503,11.576385,8.611894
75,اول,13.03477,9.0004635,9.017062
76,اكثر,12.871062,9.610831,8.322734
77,ءاي,12.458729,10.35783,6.1183567
78,اليم,5.272183,11.4901285,8.644529
79,نزل,12.492161,10.46089,6.0494857
80,شي,10.579387,11.204438,5.1187234
81,اصحب,5.303871,11.623562,8.626622
82,جهنم,5.188981,11.675048,8.5971575
83,خرج,10.946316,12.671683,6.6404204
84,حكم,13.201965,8.427248,9.587473
85,أراد,6.3462405,11.478693,8.377623
86,تولى,10.114842,10.341545,9.494605
87,شهد,12.788377,8.836134,8.576917
88,كثير,12.971257,10.116329,8.501464
89,ضل,10.95025,10.373512,5.25701
90,وجه,6.463121,11.838894,8.952096
91,ملئك,12.446002,10.511728,6.0684114
92,يل,5.250508,12.717426,7.920886
93,فرعون,12.320988,8.591476,9.062232
94,دخل,4.788421,11.976626,8.465084
95,قليل,6.91209,11.588447,9.029376
96,بشر,10.3483,11.3152485,10.421017
97,حيو,5.3557334,11.466744,8.645162
98,بيت,13.126166,8.994846,10.105873
99,صلو,13.330182,8.297007,10.266634
100,شيطن,13.142221,8.646535,10.212685
101,ولد,11.540069,11.077697,5.144782
102,حسن,5.316772,11.953301,8.521147
103,سوء,5.6968036,11.743753,8.552409
104,نصر,6.1336474,11.3413,8.3967705
105,ايدي,12.845906,10.450391,8.1579895
106,انسن,11.353533,11.965737,5.8190875
107,قدر,11.484077,10.76467,4.8796406
108,اخذ,7.212319,11.149584,8.79276
109,احسن,10.00388,12.670568,10.0643425
110,جنى,4.7033224,11.917717,8.433675
111,ماء,10.917122,11.690119,5.132712
112,نظر,10.342762,12.365661,6.3516874
113,سلم,8.01358,12.96408,8.410786
114,أحب,9.461371,10.798163,6.515722
115,رجل,13.040874,9.701679,8.996423
116,بلغ,13.111662,8.879115,9.245685
117,كسب,6.0210867,11.881967,8.33366
118,بنون,13.049146,8.812826,9.285657
119,ظن,6.08039,11.80266,8.495786
120,خلد,4.7634897,11.958874,8.467862
121,ايتنا,7.1023736,10.984521,8.718336
122,نبي,13.282413,8.331665,9.965668
123,قرء,13.275327,8.383184,9.736083
124,نهار,5.2690935,12.707294,7.938971
125,قرية,12.8110285,9.490117,9.947621
126,رحمن,13.324168,8.374058,10.144894
127,اجر,4.936132,12.038317,8.492226
128,شهيد,12.602624,8.899274,8.33888
129,جرى,4.719283,11.936644,8.4423
130,اعمل,6.1735463,11.42733,8.741967
131,انت,11.813189,10.531601,5.266532
132,اذن,12.251127,10.4699335,5.9783263
133,نساء,8.610617,11.565403,9.123818
134,احد,11.704079,11.662118,8.146754
135,موت,12.381461,10.573725,6.044464
136,غيب,10.960641,10.808033,5.0707197
137,انك,11.854639,10.623807,5.348194
138,مجرم,7.3723564,11.062778,8.700642
139,اجل,10.391636,12.562836,5.739376
140,شديد,5.5752773,11.535125,8.617483
141,غفر,10.9446535,10.721656,5.022068
142,تاب,11.758998,10.430105,5.1081185
143,ءايت,13.193308,8.361667,9.727848
144,انعم,11.262319,11.826739,5.73432
145,بصير,12.138736,10.53871,5.4935765
146,انهر,4.711168,11.938255,8.43382
147,ابرهيم,13.203305,8.3102,9.573255
148,حرم,12.282785,9.0660925,8.228882
149,حمل,11.079573,11.750173,5.9939594
150,متقي,5.6958957,12.301674,8.383532
151,عدو,13.22597,8.496717,10.189514
152,يد,13.26967,8.51676,9.67817
153,خسر,5.8918796,11.387356,8.579575
154,عقل,12.22434,9.265473,8.591625
155,افل,12.197435,10.734753,6.3232636
156,باني,10.163919,9.617177,7.871292
157,شكر,11.936842,12.148537,7.992338
158,اخرج,12.970664,9.902403,8.969184
159,سحر,13.209304,8.441826,9.78036
160,سميع,11.484061,10.726505,4.87519
161,امول,6.277368,11.325619,8.5112095
162,اذكر,13.2802105,8.365,9.674587
163,مشرك,12.894947,9.02324,8.812589
164,أشرك,11.032598,11.112391,5.1004014
165,كبير,10.189562,12.66223,9.895512
166,طيب,9.855242,12.706709,10.036295
167,فسق,12.151297,9.103376,9.168139
168,مسلم,12.978327,8.965808,8.973332
169,خبير,12.008606,10.533373,5.364513
170,ضرب,11.421182,10.491154,10.439766
171,قدير,11.442603,10.774213,4.830261
172,ضلل,13.172607,8.493299,10.040675
173,افترى,10.106823,9.270851,7.338463
174,نوح,12.689943,8.348424,9.205016
175,بعث,11.950357,9.270056,8.706093
176,تلا,13.185734,8.327608,9.596859
177,ضر,10.49319,11.208769,5.1446576
178,نذير,13.164244,8.368546,9.580116
179,حمد,12.994424,8.676694,10.306161
180,صراط,4.993615,11.677597,8.566271
181,ابصر,7.629182,11.352873,8.173558
182,حد,12.278331,10.532332,5.867956
183,نور,12.976479,8.61191,10.318529
184,مس,6.022261,11.958152,8.439776
185,سبح,11.210416,11.333776,4.959828
186,صدر,11.627794,10.992517,5.147526
187,اسرءيل,13.025801,8.42092,9.353462
188,سنة,10.838698,10.362914,6.697737
189,خاف,8.973892,11.825426,9.85645
190,عهد,12.40569,10.054744,8.062589
191,نعمة,12.923202,10.248197,8.383235
192,اختلف,10.607274,11.46154,9.557519
193,رد,6.270782,11.397502,8.364384
194,أنفق,13.354475,8.342992,10.235349
195,حزن,12.034554,10.834988,9.906594
196,مرسل,11.341918,9.182399,8.733329
197,ذنب,9.409311,11.288148,5.9532323
198,معروف,12.102328,11.276792,9.723957
199,اشد,10.813021,12.23745,6.2967124
200,فتنة,9.382336,10.34524,7.2123117
201,حساب,7.287091,12.444912,7.9912667
202,جبل,11.043224,12.2599325,5.9540286
203,ازوج,10.452938,12.608801,5.8004684
204,انظر,7.3933086,11.178285,8.567108
205,مكر,6.229119,11.239053,8.633999
206,محسن,11.83986,12.055545,8.732156
207,بحر,5.4784923,12.596886,8.239262
208,شريك,11.353326,11.267869,5.025646
209,مستقيم,12.261925,8.7183075,8.350454
210,سي,4.907259,12.013995,8.488084
211,قضى,12.607246,10.946072,8.353798
212,استكبر,12.687459,9.303752,9.896314
213,آتى,11.838091,10.89368,5.511169
214,اولياء,10.215731,10.666736,10.061513
215,استطاع,9.821839,10.881496,6.1142826
216,اولم,11.947673,10.937606,5.498642
217,اوحي,13.227601,8.308779,9.674283
218,ميت,11.962371,11.0164585,5.6123853
219,اثم,9.846687,10.738487,6.213154
220,امن,12.32999,10.521871,5.981015
221,بر,11.602756,12.154476,9.291204
222,تبع,12.140491,8.873846,8.294757
223,رضي,5.513589,12.504472,8.341534
224,نفع,10.992078,11.627673,5.396243
225,جزاء,5.079129,11.943936,8.515624
226,استغفر,11.623064,10.474322,5.1402826
227,متعة,5.5449944,11.616198,8.532448
228,عقبة,7.1898437,11.720728,7.741709
229,اعبد,12.883286,8.952857,8.778892
230,دار,5.586009,11.686538,8.57956
231,اهتدى,12.230104,8.976476,8.164545
232,اهلك,10.399424,11.498756,10.240625
233,نادى,7.3381124,11.422051,8.941377
234,ءالاء,10.080835,9.226766,7.368345
235,زاد,12.933275,8.739852,10.359848
236,فريق,12.784311,8.98466,8.783812
237,اوتو,13.0755825,8.456374,9.388087
238,شمس,5.292065,12.681169,7.996596
239,فصل,7.960741,11.564968,7.789306
240,والي,10.910391,11.620674,5.3157496
241,ذري,12.619417,9.945128,9.881508
242,كلمة,10.580577,11.538577,9.561016
243,سخر,5.277303,12.633374,8.068759
244,مال,10.847578,11.647829,10.139872
245,ءايتنا,11.219073,9.239254,8.806359
246,زكو,13.329086,8.360664,10.237393
247,الاي,10.69003,9.784677,7.061924
248,ظهر,10.344294,11.4083185,6.3867645
249,كافر,7.7051535,11.479882,8.725985
250,ودع,8.807001,11.354665,6.7201724
251,وحدة,11.085977,11.675707,5.7407813
252,اولى,8.94831,11.792419,9.848342
253,جناح,11.072592,12.53494,9.385142
254,ءاتي,13.102591,8.955703,9.316536
255,اي,11.546234,10.4756,9.899229
256,عذب,6.256978,11.831328,8.012278
257,نسي,9.423876,10.788194,6.411141
258,اطيع,12.947458,8.558351,8.92866
259,ويل,7.6441956,11.683979,8.757865
260,كره,12.0594425,10.7237625,7.5764275
261,لايت,11.061525,12.011506,5.876249
262,كلم,10.594772,9.688192,7.172828
263,سجد,11.3869915,12.061633,5.9793105
264,تاكل,8.437655,13.140602,8.946069
265,خشي,12.739668,10.241031,8.544175
266,استوى,10.966725,11.654549,5.1896477
267,فتح,10.47585,11.866014,5.4596076
268,اجمع,9.278903,11.57106,9.140932
269,عرش,10.897038,11.720111,5.1627817
270,ادخل,5.499484,12.554381,8.318719
271,ريح,10.566157,12.738765,6.1294446
272,أغنى,9.46847,11.378205,5.684446
273,قوة,11.162027,11.764272,5.656868
274,كريم,10.267499,12.639548,9.639805
275,مريم,12.977746,9.087133,8.944938
276,كفى,11.895617,10.499567,5.3468356
277,انى,11.855575,11.066051,5.5707893
278,ثلث,12.698392,10.825462,7.960935
279,اتى,9.061223,10.477437,8.062117
280,صد,9.95868,10.411724,9.503962
281,مات,5.9964046,11.879797,8.487566
282,لبث,7.91004,11.523816,7.808827
283,شعر,6.0163064,11.305585,8.671568
284,منفق,9.045788,11.175545,8.696036
285,رحم,9.936007,10.774374,6.2164073
286,قرن,12.571557,9.896295,9.847122
287,مغفرة,4.997922,12.008388,8.499711
288,مسجد,11.857739,9.782024,7.854408
289,غفل,6.865508,11.551362,8.854391
290,ابدا,5.1410995,12.117178,8.427584
291,خوف,13.181685,8.722132,10.196855
292,أطاع,10.166233,10.787968,9.693798
293,كيد,8.834121,12.441957,7.7063503
294,مصير,5.3737316,11.9228525,8.487371
295,جهد,10.032607,10.442247,9.57905
296,مكان,8.575611,11.656675,8.133587
297,والى,12.411435,10.53971,6.190157
298,سواء,12.256849,8.94499,8.325431
299,اراد,5.400316,12.48841,8.250731
300,شر,7.1605835,12.187629,8.20064
301,امرا,11.973464,10.565999,7.372016
302,ياتي,7.134061,11.485738,9.116033
303,فات,10.480964,9.682144,7.639772
304,بنى,12.931868,9.334873,9.458225
305,اجرا,5.2227535,11.923069,8.545195
306,قمر,5.3231883,12.639869,8.041824
307,يوسف,11.700959,11.837459,8.086166
308,شجرة,8.015254,13.099286,8.607776
309,سلطن,13.236421,8.489198,9.755671
310,اخرى,9.436023,11.66832,6.2079234
311,جحيم,7.1413383,11.508246,8.681719
312,غلب,9.275711,10.475252,7.927144
313,قدم,10.721518,11.204004,10.425554
314,باس,7.074007,11.622722,9.128951
315,ايام,10.802711,11.78282,5.2514987
316,اصبر,12.993003,9.910881,9.155313
317,زوج,11.044904,12.684978,6.8059287
318,اصلح,11.683247,10.483838,5.2546635
319,ثمود,11.189948,9.167581,8.730945
320,لوط,12.026194,8.965165,8.805751
321,تعلم,11.583873,11.204225,5.4293303
322,اسلم,10.473324,9.951791,7.7892275
323,وسع,11.611515,10.925551,5.16008
324,حرام,11.718108,9.80198,7.8200693
325,عدل,10.223514,10.059438,7.7140055
326,بطل,11.191367,10.457529,10.361416
327,أخفى,12.249271,10.683501,6.7539215
328,اعرض,10.831836,9.630921,7.689344
329,بعيد,8.547303,10.9525795,7.934313
330,زين,6.616486,11.7476015,8.699885
331,خلدون,5.4184117,11.685812,8.6145315
332,ابتغى,9.876747,12.135959,6.2059417
333,جمع,9.500545,11.86044,6.232443
334,نذر,7.398471,11.193655,8.749745
335,سبق,10.426912,11.319972,9.789507
336,طعام,9.190033,11.803979,9.403135
337,اكبر,7.636994,12.404377,8.490278
338,يموسى,11.412565,10.476705,8.668925
339,اسم,11.924465,11.615452,9.259384
340,وكيل,12.106298,10.524881,5.6544366
341,قريب,8.304947,11.670252,8.092815
342,روح,12.088277,10.052546,8.508338
343,أصاب,7.030017,12.076126,8.437478
344,طائفة,13.16796,9.010171,9.754853
345,نصير,6.412777,12.426296,8.2975235
346,اخاف,6.297082,11.400472,8.716184
347,نجز,7.1238894,11.586444,9.092315
348,تاتي,11.291698,10.599307,9.888948
349,جن,8.781569,12.019293,8.74289
350,قل,12.908656,9.99468,8.734095
351,صلى,7.2545476,11.526881,8.985676
352,عد,9.600257,10.843413,6.759801
353,عرض,4.9658084,11.969384,8.474239
354,أضل,9.422096,10.177502,7.0811977
355,أبصر,12.573334,9.604142,9.394123
356,انفق,12.920423,10.223564,8.948774
357,أفلح,10.479804,9.511178,7.613733
358,ذكرى,12.327851,10.2943325,9.854508
359,قطع,6.891509,12.520411,8.6584015
360,حديث,11.292729,9.280137,8.782495
361,مسكين,12.2824,10.243484,8.158534
362,منكر,11.585629,11.0581455,10.383075
363,رجا,9.650663,10.758779,6.758373
364,نصيب,11.810673,11.471577,9.094311
365,اخي,11.348526,9.641017,7.8512764
366,ذوق,5.2900753,11.595582,8.626662
367,ءال,11.564384,9.324046,8.679483
368,اعين,9.014493,11.760213,9.255991
369,اصاب,7.004711,12.15682,8.2538395
370,فرح,11.379037,11.776301,7.748993
371,لقاء,6.316083,11.351792,8.685843
372,جندي,8.038191,12.518638,9.010856
373,مسمى,10.3316345,12.661783,5.8229127
374,مصدق,13.238911,8.440963,9.637564
375,ميثق,12.701295,9.413602,9.3453865
376,اولي,12.674511,10.979975,8.207462
377,رفع,11.647072,12.063126,8.699606
378,اشترى,9.403882,10.098055,7.902268
379,حب,8.074987,12.95547,8.666952
380,اشرك,10.702954,11.102475,6.7629128
381,اضل,9.531578,10.052328,7.3178444
382,مفسد,11.594895,10.960513,7.141645
383,حشر,8.578965,11.9694395,8.262774
384,وضع,11.544651,11.762335,9.573008
385,أنذر,13.198423,8.478297,10.11666
386,عرف,11.699098,9.712257,8.726457
387,عيسى,13.068619,9.0410795,9.195206
388,غضب,6.8775053,12.103342,7.9652357
389,أرسل,9.340423,12.455921,7.1512785
390,مكذب,8.127455,12.187787,8.40963
391,ابي,12.935174,9.274163,9.161478
392,ادعى,10.635977,10.833476,6.338395
393,توكل,12.213716,10.5433,5.819826
394,احدا,10.163599,12.769885,8.276624
395,سيئ,9.89696,12.544567,9.121332
396,حكمة,13.042449,9.487122,8.559785
397,ذر,9.449493,11.6383095,7.093672
398,غني,11.704469,10.985802,5.3717637
399,اوتي,13.105291,9.102811,9.590876
400,مخلص,12.819757,9.437363,8.511833
401,نخل,5.475917,12.575549,8.282698
402,لعب,6.3937116,11.464289,8.453417
403,عقاب,6.922349,12.041634,7.8639092
404,كتم,12.122235,9.294929,8.087269
405,ءاتين,12.942247,9.26805,10.0409565
406,أرجع,10.843132,11.689829,5.9010706
407,حميم,5.7620525,11.787136,8.697167
408,عجل,10.236488,10.208361,7.803167
409,حفظ,11.600507,12.151237,9.324018
410,منذر,12.227698,9.202783,8.647919
411,اقرب,12.118559,11.570253,8.769578
412,تبين,11.325637,9.739207,7.690191
413,اجعل,12.744152,9.727058,9.691175
414,صرف,10.9203825,11.5586195,8.319224
415,مشى,12.291746,10.6510725,6.882517
416,دعاء,10.846473,9.823512,8.295187
417,تذكر,12.243033,10.509019,9.407705
418,أحسن,7.175485,12.200153,8.197526
419,انها,11.633878,10.299307,8.265067
420,اصبح,8.581375,11.361286,8.111964
421,معرض,12.3387,10.459224,8.33853
422,عصى,8.905748,10.595803,7.6787095
423,الين,10.500714,10.99568,10.4791155
424,راوي,7.0814924,11.643981,9.144503
425,كبر,11.308105,11.631847,7.454434
426,بدل,11.06441,10.135492,7.9736705
427,مرض,9.619182,10.086026,7.3628144
428,قضي,10.741541,11.408596,9.414596
429,طير,11.545116,11.497227,6.0510306
430,مهتدي,10.697543,10.374337,5.433753
431,فوز,4.918421,11.902653,8.491117
432,ود,10.16528,11.7615385,10.314512
433,امه,12.219529,11.095334,7.850166
434,شيط,10.7203455,11.319021,10.236106
435,زكى,8.085674,12.744502,8.75581
436,بغى,10.113306,10.5483465,9.506199
437,دابة,12.189367,10.786183,5.789429
438,سل,12.257312,10.662818,9.70152
439,ايا,12.381076,10.527801,6.2189536
440,مقام,8.623618,13.154375,8.944416
441,حل,8.887273,12.079148,9.308929
442,ماوى,5.24061,11.85704,8.546224
443,نشاء,10.698892,12.583644,7.894326
444,اخا,13.014503,9.071802,9.056869
445,مهين,5.8118224,11.739793,8.70362
446,انثى,10.231426,12.649641,9.982763
447,تورى,13.245258,8.52297,9.7602215
448,انس,8.194415,12.23483,8.126011
449,ضعف,6.3019056,11.890218,8.266168
450,اخو,12.317552,10.660315,9.706773
451,بينة,12.439211,9.217946,8.529043
452,استجاب,11.742314,10.408513,9.488504
453,مولى,9.792267,10.947447,6.2904663
454,ريب,10.666576,10.406353,5.4266176
455,اسحق,13.036506,9.387872,9.524682
456,بنت,12.328046,11.103585,8.2740345
457,تاويل,11.575541,9.935601,8.21152
458,مدينة,11.765137,11.246362,8.602348
459,انذر,9.987304,11.040107,9.866055
460,ءاله,10.593873,10.86742,6.269547
461,ألقى,10.04815,11.434356,9.7465925
462,تقوى,12.675628,10.679206,8.644714
463,امين,12.735517,8.984757,8.622527
464,أبدى,10.713969,10.9249,5.954754
465,اظلم,10.34529,9.413246,7.3757915
466,اخون,10.958474,11.427713,10.385204
467,شرب,7.154969,12.665065,8.58647
468,قسط,10.9668,11.014943,9.866825
469,حميد,11.754102,10.813302,5.2146444
470,ملا,12.104352,9.00404,8.9734125
471,افمن,10.26978,11.528649,10.191612
472,يسر,10.810694,11.767835,10.158232
473,حجر,7.098728,12.332439,8.803509
474,ياكل,7.2397537,12.512284,8.810417
475,نعيم,4.9128547,12.066114,8.459304
476,فك,8.760753,12.83791,8.777318
477,وفى,10.000121,10.554186,8.11664
478,اربع,10.710933,10.454914,5.375289
479,فرق,12.658541,9.368607,9.190105
480,لقي,5.907553,12.461211,8.419104
481,هاجر,10.001927,10.42664,9.54052
482,انتهى,9.580815,10.719915,6.643188
483,ءاتينهم,12.373025,9.445808,9.044712
484,سعير,6.159276,11.500427,8.730314
485,قربى,11.784667,9.960419,7.7406707
486,جاز,5.787076,11.88675,8.670718
487,الها,12.346917,10.57295,6.9559646
488,اقام,13.297704,8.412861,10.264883
489,واني,11.975819,10.226208,8.426006
490,اهواء,12.105522,9.11404,9.244756
491,بسط,11.722919,10.734138,5.136469
492,البب,12.356993,10.357383,9.449473
493,ءاتى,11.878425,11.646635,9.476144
494,ءاتوا,13.312792,8.451058,10.207366
495,اسر,12.552573,9.97007,9.904989
496,مرجع,7.219057,12.511249,8.410061
497,اقيم,13.202389,8.713894,10.119437
498,عمر,10.384796,11.888961,7.443776
499,يعقوب,13.062694,9.506058,9.05323
500,خشع,11.709067,10.37052,9.447574
501,حليم,10.860791,10.639161,5.1752872
502,ءاخر,11.503702,11.396489,6.43464
503,حرج,12.585845,10.29913,7.598468
504,شك,12.104541,9.942075,8.948126
505,جزى,10.009648,12.359722,10.14831
506,يسير,7.4929714,12.407208,8.226255
507,يقولن,10.564026,11.73621,5.3274646
508,سال,11.083937,11.514928,5.0202336
509,لسان,12.583767,9.284903,9.381735
510,ابر,12.286241,10.313131,8.729981
511,احل,12.095841,9.975267,8.13138
512,معجز,8.102819,11.695468,8.337234
513,تنزيل,11.837107,10.735504,5.285566
514,ولى,10.8574295,11.167995,7.876311
515,ابناء,11.068468,10.155149,10.760587
516,عظمة,9.451713,12.31356,6.9943585
517,سليم,12.430425,10.448748,9.630008
518,اين,11.266582,12.317325,7.954071
519,اكل,8.156656,13.267761,8.817263
520,فقه,10.203432,9.982117,7.6090236
521,ورث,11.766233,11.627061,9.461786
522,القى,12.535547,9.851669,9.51439
523,اشهد,10.370925,9.657119,7.676642
524,كشف,8.728055,11.51905,6.8439155
525,دير,10.775906,10.536877,7.494075
526,ابوب,10.193433,12.676473,5.8874044
527,نفخ,10.629764,11.657157,5.3268957
528,أعاد,11.367263,11.243469,5.062787
529,داود,12.795231,10.783787,8.4131775
530,سكن,10.797817,12.594873,6.213986
531,نبا,11.770889,9.412648,8.710666
532,صنع,7.3801603,12.225512,8.48383
533,ءادم,11.927836,11.269794,8.475632
534,استمع,12.936923,9.28904,9.472719
535,ملة,10.081077,10.772479,9.962607
536,بدا,7.6485157,12.803812,8.302061
537,مسرف,9.994373,11.384353,9.57775
538,رزقن,13.140062,8.95744,9.911214
539,اعمى,11.309819,10.86018,8.678973
540,ارجع,11.452882,12.1644335,9.445548
541,بلد,12.274107,10.865224,8.340657
542,ادرى,8.276229,11.662395,7.627849
543,جهر,12.024008,10.287134,8.5797825
544,ثمن,9.285929,10.21589,8.00511
545,تراب,10.055827,12.215414,6.3692355
546,وقع,10.425189,11.4978485,6.7124887
547,بغي,11.552401,10.433494,9.209441
548,بشرة,11.162639,10.470387,10.480343
549,امم,7.1778173,11.505372,9.0877285
550,جهل,11.659099,11.23834,8.08348
551,اعتدى,9.570355,10.878301,7.06942
552,قعد,9.660938,11.0526085,8.197304
553,وصف,11.56157,11.133645,5.4323425
554,يستهزءون,8.727702,11.619362,8.682339
555,درج,9.58935,10.908851,6.547497
556,ابتغاء,10.919189,11.443591,10.0400715
557,أقام,13.251801,8.44165,10.236944
558,ارءيتم,8.373281,11.705126,8.078079
559,زينة,6.4639773,11.5298605,8.398302
560,عفا,10.203941,10.684052,5.9022093
561,استعجل,7.6455812,11.280169,8.665606
562,هوى,10.665256,10.475838,10.041657
563,عم,10.656662,10.671568,10.1151495
564,سعى,10.887802,11.029466,10.393779
565,ادبر,10.577336,12.153268,10.014054
566,اولد,7.303869,11.708484,8.559022
567,قوا,11.787719,10.16297,8.487971
568,وحى,13.184991,8.437902,9.600335
569,نصرى,11.7389345,10.623912,9.402654
570,يتمى,12.217417,10.580912,8.195609
571,سبحن,11.51726,11.131372,5.2242103
572,غشي,6.815719,11.779817,9.1084
573,اقسم,8.790379,11.910518,9.288254
574,سبحنه,11.589444,11.0701885,5.19733
575,فحش,10.926862,10.966322,10.374358
576,سار,10.456014,11.900775,5.799222
577,موعد,7.219059,12.191322,8.553099
578,وزر,8.254265,12.676659,7.828465
579,شفعة,10.436521,11.612399,5.434328
580,امور,11.580259,11.193519,5.6556654
581,الف,10.473478,11.110955,7.5562654
582,انزلنه,11.692023,10.621603,10.17879
583,صيحة,8.312504,11.679237,7.8807774
584,اذهب,8.856926,10.634462,7.7438364
585,امري,10.588028,12.660615,8.417688
586,حرث,6.348867,11.608979,8.343109
587,عدن,4.8307486,11.993973,8.471442
588,ثواب,5.470223,11.728137,8.587188
589,أفسد,8.4123,11.749579,8.443019
590,حذر,11.536858,10.603135,8.517741
591,مفلح,9.132265,11.11554,9.2807665
592,رشد,10.458465,10.256802,7.9071937
593,ارجل,8.1493635,12.964512,8.709311
594,ياهل,13.043603,8.410602,9.342774
595,مستقر,9.429587,11.910782,6.7902966
596,قتال,12.90976,10.115604,8.431323
597,أمات,11.924689,11.143523,6.178442
598,سلط,12.735822,9.516583,8.879919
599,اليس,6.928488,11.946177,7.8075624
600,اعتاد,5.6655345,11.640851,8.6928005
601,حاق,8.477216,12.274211,8.64549
602,مشرق,10.207001,11.458315,7.362669
603,تفكر,11.059627,12.011902,5.9492145
604,قرءان,12.562117,9.638442,9.443746
605,أجزى,9.802705,12.787635,9.984168
606,عدة,9.557295,12.024875,8.902905
607,جر,10.711135,10.831477,10.535153
608,نجم,10.771804,12.569934,6.201776
609,انجيل,13.10993,9.091436,9.717482
610,كف,12.52296,10.44775,7.758089
611,ادنى,10.560013,11.567299,6.950207
612,امثل,11.318073,11.105272,7.591331
613,جحد,10.067577,9.382208,7.369758
614,أخرج,11.195406,10.398031,10.522293
615,هدي,12.050885,10.688571,7.973599
616,نهى,12.306038,10.237248,9.998044
617,ضال,10.795096,9.61855,7.2396116
618,حنيف,12.459218,9.629816,8.999974
619,راوند,7.848644,12.475926,8.430932
620,سر,12.071806,11.166619,9.857531
621,لعنة,6.0772805,11.711494,8.614069
622,غلم,12.410116,10.766734,8.011299
623,ظلل,10.200138,12.662567,7.6459737
624,اسل,9.9192095,12.681574,10.078498
625,عربي,12.415186,9.481185,9.576508
626,مر,12.2189045,11.3778925,8.383252
627,قرب,11.875858,10.627087,9.752813
628,ساجد,10.980355,11.926786,7.358833
629,اسمع,10.4177685,9.929484,7.9843063
630,اعد,5.809424,11.920623,8.598366
631,هز,9.189626,11.690558,9.936331
632,لبس,10.628913,11.37839,6.065189
633,بصر,10.952974,11.320782,7.1237297
634,جاءو,8.942784,10.545142,7.944536
635,طين,11.609311,11.504937,5.6264606
636,ارحام,10.041394,11.585156,6.7373695
637,بخل,11.38399,11.354498,7.7605166
638,غرور,6.6655917,11.661158,8.516691
639,منع,10.784749,10.021293,7.9948215
640,فقير,12.7154875,10.2789545,8.45591
641,سريع,9.18819,11.372634,5.95316
642,شكور,10.616016,10.60564,5.3769894
643,مسكن,5.5161767,12.571314,8.312619
644,ارسلنك,11.81641,10.042803,8.219909
645,مثوى,5.2447357,11.959197,8.517155
646,اجور,10.309548,12.660879,9.860421
647,وصل,5.3499417,12.561462,8.192922
648,هرو,12.748114,9.395552,9.190807
649,نطفة,11.324691,11.880625,5.7869363
650,مدين,11.909112,9.18152,8.59645
651,افلم,11.033024,12.065329,6.0495424
652,اوف,12.154434,9.8977375,7.994631
653,بطون,9.41819,12.057553,8.118341
654,لحم,10.827429,11.64635,7.209899
655,تواب,11.742437,10.482715,5.148033
656,اكن,9.8275795,11.954751,8.301562
657,تمتع,8.009721,12.762137,8.163951
658,نزع,10.759145,12.692069,6.675323
659,يوقن,11.645098,10.17429,9.288661
660,خر,12.279366,10.538179,6.8839726
661,طبع,10.349335,9.566702,7.981541
662,خزي,5.5465274,11.68391,8.55425
663,نكح,10.592741,11.922729,9.213849
664,احكم,12.202023,9.743816,9.090854
665,رء,7.393355,12.8064995,8.69288
666,خبيث,9.906599,12.553367,9.156365
667,اءذا,9.652592,12.293208,6.7719736
668,نعمت,12.659443,10.427706,7.735923
669,وذر,10.650012,11.400537,6.6712627
670,فساد,8.409828,11.492089,8.596624
671,منزل,12.311211,11.203321,8.494183
672,ثمر,11.657009,12.0718775,9.232955
673,عادي,7.4519553,10.89369,8.692483
674,سير,10.083639,12.125328,6.244605
675,احدى,10.9152355,11.171872,7.644236
676,افوه,10.859163,10.473748,10.130965
677,مكن,12.295918,10.669046,5.8956594
678,أعلن,11.25885,11.577429,5.716682
679,فجر,10.781994,12.287535,9.837348
680,نبات,10.207948,12.571859,6.536503
681,صور,9.770307,11.878121,6.0122647
682,ثمرت,11.985182,12.2174425,8.008064
683,رءوف,11.786795,10.436361,5.1541934
684,قوي,10.862512,10.80831,5.04216
685,زال,9.706973,11.136681,7.066507
686,دبر,8.481955,13.056335,7.9493017
687,رض,5.87648,12.198242,8.521914
688,يسل,8.551556,11.818007,8.091454
689,محيط,11.559156,11.050219,8.7187395
690,مجنون,12.230815,9.085663,8.621105
691,وصى,12.394097,9.920035,8.769814
692,امولكم,10.018944,11.160887,8.872759
693,ظهور,8.780212,11.096679,7.9906316
694,طلق,11.641427,12.147339,8.936344
695,زرع,8.272666,13.281919,8.840665
696,احق,12.905692,9.666873,8.3377495
697,ءاخرين,11.516333,10.331764,8.337228
698,حلف,9.002286,10.669351,7.822125
699,حج,12.085989,10.723075,8.117679
700,ليلة,10.793616,11.754084,8.104777
701,نال,10.854137,10.305619,7.7170343
702,حفيظ,11.854273,10.738087,7.022803
703,تم,10.159097,12.179135,8.958673
704,اغنى,9.427936,10.971234,7.0366797
705,اغفر,10.557801,11.58107,6.9586463
706,احزاب,7.191406,11.448879,9.118963
707,يجدل,11.537647,10.520723,10.246701
708,معلوم,10.648614,11.801907,8.079816
709,شراب,7.239228,12.388818,8.763865
710,مسيح,12.601392,9.417502,8.0765505
711,نقص,12.066167,10.356943,9.290526
712,تربص,9.698048,11.087404,6.798136
713,نجوى,12.901197,9.696403,9.381025
714,ءاباءنا,12.163311,9.831704,9.078407
715,دم,11.196112,10.20518,10.697133
716,قنت,11.19204,12.227363,9.16038
717,مغرب,10.256948,11.119243,6.8370037
718,بريء,10.634814,9.649634,7.795747
719,فئة,10.585165,10.344415,7.8356934
720,نها,10.741724,11.493262,10.146216
721,طور,11.429944,12.123185,9.497553
722,ءايتي,9.547315,10.216369,8.189416
723,مختلف,11.28766,12.430224,7.4793005
724,مريض,9.427112,11.799527,6.825725
725,جبار,10.442117,12.14204,7.911526
726,ذاق,6.3556423,12.214159,8.562405
727,ياب,11.545767,10.600407,8.321133
728,عزة,11.1461935,11.131261,8.618372
729,مبشر,12.694715,10.023414,8.364575
730,كيل,11.762474,11.050641,8.5026865
731,ظالم,11.158827,11.8430605,9.876016
732,عشي,7.726641,12.537587,8.23019
733,اعراب,10.608505,11.14726,10.414239
734,طهر,9.609779,12.659017,8.745497
735,رجس,10.46512,11.816371,10.1349125
736,سعة,10.360369,11.692369,6.2973366
737,انبت,10.939445,12.729882,6.7891097
738,غر,6.2550893,11.403061,8.35862
739,مصيبة,11.619117,11.078909,7.9475946
740,باب,7.889892,12.91907,8.97947
741,ياخذ,10.79563,12.624091,8.316458
742,أصم,10.461871,9.85073,8.06599
743,اسجد,12.723869,10.306876,9.347141
744,يشا,9.71741,10.961769,6.0325594
745,جزء,9.789068,12.269468,8.100467
746,سعي,8.264734,11.5399685,8.841118
747,خيرت,9.756164,12.289518,8.928688
748,عصا,12.911907,9.406961,9.911573
749,اضرب,10.556844,11.361,10.21543
750,يهودي,12.647369,9.492455,8.614564
751,ابلغ,11.294792,9.941835,8.202374
752,رجز,8.650233,11.994487,8.237394
753,قائم,10.828632,11.295308,7.549486
754,مد,13.07449,8.679425,10.303767
755,هاد,9.982097,11.42999,10.279248
756,كفور,11.441496,10.497115,10.423916
757,حبط,5.7638664,11.556961,8.689348
758,خطي,8.992095,11.624749,7.6194005
759,ارحم,10.243913,10.841859,6.452018
760,حزب,8.823909,11.651126,9.178734
761,اصطفى,12.502019,10.658836,7.5289464
762,جانب,10.463002,11.713658,9.970022
763,تمنى,11.011056,10.973201,8.079882
764,مخرج,10.140348,10.850301,8.032078
765,بشير,12.373917,9.274936,8.228256
766,فتن,10.43666,11.045083,9.130864
767,الن,9.974634,11.087991,6.3616915
768,فليتوكل,12.94278,10.081705,8.424991
769,روسي,10.553987,12.697243,6.1030064
770,هلك,10.741649,11.131916,7.5253253
771,خاض,8.978306,11.928051,9.062714
772,ءاثر,9.372074,11.207454,8.913928
773,مهد,12.020007,10.937852,9.258443
774,خفي,10.476894,11.73701,5.83611
775,غليظ,6.660954,11.842972,8.969136
776,تذكرة,9.364835,11.649542,6.2955594
777,رءوس,10.638886,11.214116,9.893155
778,عوج,10.0062065,10.608765,9.431981
779,عام,10.412169,11.533424,7.138095
780,ارى,9.238007,11.878718,8.874749
781,اشكر,12.513376,10.755061,8.324046
782,هود,11.554381,10.296796,8.559212
783,مقيم,6.5574803,11.869304,8.88534
784,صاحب,9.24883,11.959394,7.321478
785,ءامنتم,11.75897,9.990919,8.517696
786,جلود,8.208669,11.670259,7.860439
787,اصب,9.734112,12.541729,7.2746754
788,واسمعيل,12.981932,9.958442,8.892751
789,قصر,10.742948,12.412758,9.732246
790,انصار,10.951833,11.020345,10.28764
791,اءنا,9.823088,12.229921,6.4073315
792,تساءل,9.047771,12.902069,8.357351
793,يسلونك,11.935741,10.499354,7.2945623
794,ضراء,8.693926,12.356572,8.765468
795,قرار,8.889642,12.82944,8.037331
796,ميزان,12.964338,9.826319,8.741916
797,يتيم,11.103378,11.839449,9.962236
798,توب,11.899997,12.136489,8.070143
799,افد,7.6926303,11.147817,8.591779
800,نطق,9.566459,11.9833145,9.096391
801,صلاة,8.173858,11.945305,7.8330398
802,ادع,12.749022,10.07767,9.322307
803,لغو,10.319253,10.311984,8.087333
804,اقبل,9.278332,12.333419,7.1948695
805,اذى,11.850008,11.3556795,8.304858
806,صب,9.161102,11.893106,9.976664
807,مبعوث,7.6095524,12.250399,8.402607
808,لكذبون,10.762056,10.939532,6.5771356
809,لباس,11.4971695,12.106089,9.417161
810,اغرق,9.066613,10.437183,7.7900753
811,آخذ,9.708357,10.788053,6.17416
812,اسطير,11.978683,9.19876,8.681887
813,ابليس,11.413714,11.335516,7.942646
814,نقض,12.068156,12.106786,8.071598
815,عجب,11.054487,10.697182,9.070803
816,صيام,11.531182,11.130184,8.083321
817,اسماء,11.446819,11.470191,9.8107605
818,سبحنك,10.951545,10.797571,6.598678
819,اقل,12.2977085,10.537881,7.341221
820,اعلى,11.048141,11.324457,5.695402
821,ثوب,8.121743,13.104728,8.931139
822,تحشر,11.636648,10.012758,7.712918
823,احيا,12.330303,10.656657,5.9417415
824,افك,12.081271,10.040965,8.503558
825,رقبة,11.369963,12.342493,9.400687
826,اجري,10.050776,12.722458,10.003645
827,اتق,11.340681,11.229546,7.536852
828,سحاب,10.792958,12.683442,6.6199584
829,نجي,9.466712,12.125806,10.091029
830,موعظة,11.452272,10.958504,7.962983
831,اكون,11.221038,11.253699,7.217177
832,اقول,12.124997,10.396626,5.6611586
833,تالله,10.547598,11.139869,9.383276
834,طمع,10.170601,12.529978,8.855686
835,متعدي,10.146701,10.43898,8.058209
836,بقر,10.5563345,11.446917,7.633018
837,مودة,6.7799206,11.969822,8.111221
838,ات,9.123012,11.610801,7.6622725
839,ازداد,10.517012,10.994288,10.407675
840,وعظ,12.857228,10.11826,8.202408
841,جديد,11.2294235,11.33076,5.0586085
842,زبر,11.539492,9.948633,8.441282
843,بني,12.828551,9.307334,9.271765
844,تكلم,11.153379,12.025629,8.016438
845,مهلك,12.699427,9.532962,9.744168
846,عسر,10.999164,11.108721,8.568904
847,وصية,10.705027,11.260297,6.7333655
848,طرف,8.393866,13.005866,8.855618
849,صعق,10.003365,11.296991,7.926592
850,متك,8.3415985,13.187918,8.895235
851,صديق,12.025484,10.647861,9.701658
852,خلقن,11.435457,11.708893,6.042948
853,واعد,5.1785035,11.836782,8.550122
854,فرض,11.528636,11.40995,7.652448
855,تامر,11.224232,11.954678,9.517124
856,بطش,9.1852865,12.172318,8.361421
857,تقلب,9.386143,12.66062,8.394315
858,سمى,11.183726,11.652911,9.201983
859,خافي,9.17421,12.200399,8.810609
860,انتظر,12.811591,9.801551,8.848703
861,عقب,10.00382,12.038083,8.008494
862,أهلك,9.578549,11.358761,7.9711466
863,نجين,10.517243,11.799049,10.336816
864,خزانة,11.636643,10.983161,5.282929
865,مشفق,10.896331,11.479314,10.395569
866,شعيب,10.393173,9.674807,7.8259583
867,نجى,10.595038,9.839114,7.119444
868,يولج,5.2721267,12.726858,7.9087453
869,عزم,10.413348,10.889349,6.5034432
870,اجتنب,12.26967,10.582848,9.63193
871,يعبد,12.488937,10.446559,9.821673
872,حجة,9.881043,10.942893,6.5010505
873,اطع,10.726424,9.727694,8.156444
874,انطلق,12.298396,10.41158,8.117413
875,قرين,8.932302,11.701422,9.500427
876,يظلم,9.091077,10.523676,7.5768447
877,مثقال,10.60886,12.848542,8.291058
878,طاعة,11.577561,11.34785,6.049065
879,مقرب,8.966323,11.347601,7.617484
880,خشية,10.320444,12.265572,7.771765
881,وهر,12.638982,9.654741,9.615303
882,عفو,10.640687,10.600813,5.390736
883,مطهر,7.311235,12.498755,8.695514
884,أوحى,13.010861,9.551677,8.617669
885,منفع,10.515884,11.536438,6.9102902
886,خلقنكم,12.01537,10.784137,9.525103
887,كفل,11.909557,11.533556,9.31643
888,هادي,10.023298,10.9092,7.260142
889,رمى,9.617214,10.892808,6.5268908
890,اهلي,6.944789,11.508899,8.785889
891,أظهر,12.136574,8.824535,8.307443
892,ايها,9.504283,11.954426,7.0510488
893,وقر,10.669754,11.119772,10.030134
894,اوحى,11.051825,12.334794,7.790242
895,اتل,12.692265,9.481411,9.670755
896,طعم,7.9178843,13.266174,8.754205
897,نصب,7.680135,11.5287485,8.536752
898,ؤخر,11.1102705,11.600222,5.745008
899,يقين,9.796543,11.309182,8.018767
900,شفيع,8.7407,11.462542,7.11726
901,محضر,6.701518,11.690703,8.661875
902,اريد,7.896605,12.720283,8.002851
903,سلك,12.383091,11.067107,8.473551
904,شفع,10.478987,11.868675,6.371182
905,طغوت,11.031123,10.423799,10.142025
906,خفف,6.427725,12.003385,8.207599
907,عبادة,8.163878,12.840559,8.196689
908,طلع,8.961412,12.844845,8.861328
909,بيع,12.049005,11.139855,9.825621
910,امثال,11.664016,11.002091,7.7985096
911,صحيفة,12.404489,9.964898,9.006402
912,ياتيكم,11.045298,10.650248,6.8825727
913,سورة,6.131042,11.322762,8.742817
914,راسي,9.414357,11.692588,9.11804
915,برز,11.638574,11.194002,6.437805
916,مدبر,9.299441,12.282537,7.167345
917,اشتهى,7.6630936,11.475132,8.325348
918,اشرب,12.144673,11.123753,9.695761
919,فطر,10.642618,11.077701,6.2659783
920,خلل,7.4711666,13.186615,8.582548
921,شيعة,12.568975,9.854769,9.8894005
922,ابقى,6.37805,11.403079,8.453925
923,قبلة,11.969607,10.215976,9.276631
924,تبديل,8.022153,11.72982,7.666884
925,سائل,10.491128,11.689295,9.321242
926,فسل,13.281681,8.343752,9.680347
927,كنز,12.293526,11.0267935,8.462303
928,أحل,5.561079,12.593043,8.332927
929,ظهير,11.754762,11.182507,10.144612
930,نفر,8.753445,11.578691,9.30548
931,بخس,10.099234,11.2954,7.8141136
932,اخت,8.059329,12.818052,8.006688
933,ءامنين,9.907347,12.265076,6.973841
934,ملاي,12.10985,8.800198,8.947264
935,تعالى,12.243463,9.812517,8.207406
936,آذى,6.861632,11.561714,8.839947
937,استحيى,8.053524,12.489015,8.571223
938,امطر,7.6035438,12.506466,8.775741
939,ضحك,10.676455,11.264331,9.919745
940,ميقت,11.537946,9.74177,8.413712
941,كاين,11.115091,12.188296,7.8564687
942,شاهد,12.223748,10.781626,9.844566
943,لون,9.1274185,11.658639,8.21032
944,عكف,11.805059,10.092456,8.513481
945,افرءيتم,10.25098,11.756896,6.0509167
946,بث,11.4888115,11.567867,5.744993
947,متكبر,6.923748,12.046848,7.87174
948,ابى,11.45632,10.011584,7.7583003
949,عدد,10.9864025,11.756932,5.778676
950,اثيم,9.76902,11.458763,8.090233
951,تفرق,10.001722,11.344288,7.64868
952,حبل,11.048648,11.270531,7.8273096
953,ركب,11.155995,11.731694,5.7883472
954,فاجر,11.241458,11.266275,8.584121
955,حظ,6.514856,12.4307375,8.5336275
956,اعنب,5.472347,12.568249,8.28331
957,ارتاب,10.485632,10.829964,10.322685
958,مبصر,12.566435,11.134506,8.1753025
959,أخزى,5.828487,11.770885,8.725438
960,اتي,12.491239,10.695263,8.021632
961,جان,8.090456,12.353448,8.561011
962,ضاق,11.636074,10.442394,7.198866
963,توبة,11.819508,11.565845,9.174177
964,معذب,10.324086,10.855455,7.5772133
965,مرد,6.080219,11.78061,8.468169
966,سفر,9.1212225,11.927213,7.57765
967,أسرع,10.871963,11.343999,10.476615
968,يات,10.504665,11.093363,7.312008
969,اهبط,11.512566,11.581589,9.421201
970,دام,10.47621,12.687648,6.1421833
971,ءاذانهم,8.660529,11.382514,8.74805
972,أغبر,12.43276,10.52319,6.454551
973,خسف,9.900196,12.249399,6.530615
974,خط,11.996763,10.398694,9.373628
975,يحيى,10.789206,12.6074095,8.31631
976,منيب,12.289542,10.468016,9.378122
977,اقم,13.216751,8.61438,10.182562
978,رزقنكم,10.832607,11.4573345,10.033281
979,فرج,10.510834,12.409757,8.182047
980,فحشاء,11.77602,11.989086,8.880977
981,لطيف,11.72166,10.882908,5.2202024
982,محصن,11.943884,10.994975,9.991183
983,اولدكم,9.942189,12.259784,8.778339
984,ءاباؤنا,12.681019,10.631719,8.037261
985,دعوة,9.399255,11.58671,7.5826306
986,طغى,11.171226,11.476364,9.596691
987,بكرة,8.975504,12.045308,7.7425184
988,فرقان,12.773764,10.165991,9.554243
989,اولو,11.7031145,10.303259,9.657829
990,خالص,9.225283,12.037614,8.120562
991,مريب,11.12499,11.061605,9.76961
992,مطر,8.816936,11.955629,8.343318
993,نصف,10.322226,12.108638,7.2921324
994,داعي,9.13986,11.760405,8.671935
995,حلل,11.893197,9.657789,7.9620695
996,معدود,8.142822,11.85579,8.075564
997,انني,12.685739,10.307785,9.597781
998,نحشر,7.8254194,11.61564,7.767241
999,ابا,10.484814,12.205598,8.082797
1000,واد,9.090606,11.842434,9.209935
1001,جميل,10.259317,11.403323,6.388712
1002,يامرون,9.683199,11.554221,9.547901
1003,راية,11.338766,11.20933,9.342698
1004,ماب,7.052558,12.200736,8.357974
1005,ذلة,7.4183764,11.92692,8.349586
1006,شقي,9.981691,11.883326,9.140209
1007,جند,8.855012,11.451027,7.3365493
1008,ندم,7.2955832,12.219864,8.653224
1009,ربوا,12.1084,10.660225,9.548694
1010,أذهب,10.586754,12.530752,6.0946574
1011,اعوذ,11.947701,12.133978,8.083286
1012,تبارك,11.12767,11.736285,5.634204
1013,خلو,12.725609,10.28935,9.657133
1014,اهدى,11.849598,9.680417,8.934133
1015,تك,10.128526,11.428274,7.9147153
1016,يليتني,8.016843,12.590954,8.169518
1017,حجاب,10.663149,11.267675,10.330615
1018,وقى,6.364216,12.044426,8.751169
1019,عمه,9.679445,11.922351,6.329811
1020,ءانتم,11.645581,10.783106,6.9607487
1021,نصح,12.472132,9.231562,8.399587
1022,أدخل,5.616867,12.4793625,8.400127
1023,ناقة,11.09457,11.047055,7.7164307
1024,مفعول,8.851076,12.659483,7.992141
1025,ملق,11.93384,10.646803,9.761038
1026,طغين,10.153692,10.886089,8.14819
1027,سفيه,11.925843,10.199133,9.242796
1028,فينبئكم,10.3118515,12.679906,9.833584
1029,رايت,11.275523,12.162834,9.560919
1030,ارد,10.685895,12.109404,8.921136
1031,صف,10.338961,11.7181015,7.20928
1032,افتدى,6.014827,11.923996,8.664645
1033,قميص,8.887611,10.713821,8.112052
1034,زاغ,11.114759,10.463519,10.07879
1035,ختم,9.90745,10.35117,7.971587
1036,امد,11.378621,10.958513,9.732788
1037,مهاد,6.7830377,12.055898,7.921105
1038,خيل,11.409944,11.457783,7.552121
1039,فاغفر,9.706128,10.728064,6.4590697
1040,جرم,8.407983,11.289412,7.9352684
1041,مهجر,12.897106,10.093712,8.496651
1042,اذل,11.314589,10.703997,9.226909
1043,صدقة,11.3689785,11.067149,10.1497345
1044,رغب,10.221023,11.218595,8.273677
1045,يابان,9.713908,11.847333,8.062962
1046,حديد,7.7947445,12.37039,8.770315
1047,فاني,9.684599,12.238693,6.8675323
1048,فور,10.407935,11.175601,8.086377
1049,كاس,10.391347,12.085547,8.471156
1050,متع,6.738632,11.986917,8.338426
1051,جدل,11.207982,9.955732,8.13232
1052,سجن,8.772306,12.73632,8.994818
1053,بطن,10.962395,11.682681,6.3618255
1054,مدكر,12.069288,11.470386,9.13552
1055,نكر,7.0715876,12.085892,8.094761
1056,مبارك,12.112101,10.461264,9.981273
1057,انباء,12.18072,10.895005,9.517033
1058,صغير,10.314194,12.161378,9.117651
1059,افان,11.181082,9.813445,8.296024
1060,ايهم,10.066281,12.151204,8.165871
1061,اختصم,8.712696,12.091172,8.913967
1062,اعداء,7.2365327,12.2883835,8.598933
1063,انداد,10.367077,10.668266,6.339494
1064,موج,7.494597,12.772812,8.661055
1065,اكفر,10.629557,11.657305,7.167291
1066,كذاب,9.884046,10.667502,8.081739
1067,صبح,8.519551,12.626283,7.9613185
1068,ءالهتنا,9.388523,11.507479,7.793823
1069,برق,12.104038,11.295844,8.453596
1070,سجود,7.945652,12.449077,8.709384
1071,حضر,11.881006,10.937769,8.242963
1072,زكريا,11.132114,12.318452,8.654582
1073,اضطر,9.767133,10.765201,6.3681192
1074,فضة,9.75741,11.545567,8.316047
1075,يبدؤا,11.334188,11.253242,5.071216
1076,اشهر,10.370684,10.807154,6.1969614
1077,غيظ,12.745235,10.386008,7.9009986
1078,رجيم,12.184183,10.349275,9.230761
1079,عبرة,10.288671,11.570519,6.934604
1080,يؤفكون,10.503841,11.32185,6.1961226
1081,ذرة,10.09641,12.824962,8.700843
1082,قي,12.276626,9.969569,8.961995
1083,خضر,8.541479,12.661673,8.675423
1084,بصيرة,10.642502,9.96629,7.859327
1085,فزع,9.144581,12.88264,8.354314
1086,عصي,10.661933,9.875417,7.788331
1087,تحية,7.3961477,12.89282,8.505576
1088,أدرك,10.985079,12.017448,7.495421
1089,منظر,11.889976,10.644185,7.01309
1090,منتظر,12.091977,10.278678,9.0891485
1091,ميتة,12.6102,10.287555,9.753296
1092,قائل,9.175229,11.739117,7.433968
1093,ذبح,6.238931,12.329673,8.47111
1094,موزينه,6.992696,11.382649,8.615206
1095,تاخذ,8.630348,11.647214,7.6995873
1096,يامر,12.0205965,10.83924,10.118913
1097,بعل,8.20934,12.558775,8.437917
1098,قبر,8.092538,11.689342,7.975209
1099,فانجينه,10.184224,9.698015,7.670872
1100,وحد,11.499305,10.422216,9.701744
1101,ارءيت,10.591868,10.175791,7.5900908
1102,توفى,9.516963,11.848142,7.3967776
1103,ركع,12.654452,10.796034,8.716441
1104,فريضة,11.690868,10.944927,5.283758
1105,امام,11.528048,10.677116,10.247489
1106,ضعيف,11.266817,12.086451,7.843672
1107,قذف,12.164894,9.757527,9.128357
1108,وعيد,9.252098,10.836866,8.081232
1109,عاقب,10.300077,10.700555,5.978025
1110,ايد,11.5170765,11.2557335,10.162335
1111,ءاتىكم,10.269989,10.892822,6.2732787
1112,سن,10.7834835,11.60569,7.0580554
1113,أكبر,10.838167,11.347794,9.811337
1114,اقدام,10.723932,11.291598,9.869448
1115,فاطر,10.916056,11.038866,4.9262433
1116,يويل,7.232759,12.181615,8.6093645
1117,مكرم,9.649535,12.979943,8.036441
1118,عف,12.179515,10.428065,7.3974857
1119,انبغى,10.699784,12.36084,7.6441855
1120,حاج,11.963268,10.069706,9.300862
1121,اخراج,9.39089,10.7621765,7.026086
1122,اسفل,7.149949,12.031494,8.619454
1123,عالي,9.199425,12.208829,8.237949
1124,لنكونن,7.6825256,12.510325,7.906793
1125,اناس,11.093256,11.119421,8.135047
1126,سكينة,13.15715,8.9622965,9.741269
1127,انثا,11.047105,11.408826,5.241156
1128,مقت,8.856889,11.818187,9.676256
1129,شقاق,11.461484,10.464314,9.880151
1130,تقدم,12.947947,10.207929,8.56491
1131,لحق,10.94206,12.440086,7.9814873
1132,انتصر,9.410319,11.058692,7.479216
1133,أمسك,10.511321,12.574756,6.0497026
1134,نشر,10.7399845,11.698201,8.562824
1135,أحيى,10.906495,11.19628,6.917348
1136,سرر,10.496345,12.338567,7.952437
1137,اسكن,10.490087,11.887491,7.690379
1138,قرض,10.020996,12.5850525,10.081503
1139,نشا,10.945436,11.701066,5.470123
1140,يستبشرون,11.848041,11.633225,9.533451
1141,ابرار,10.11139,12.818745,8.267947
1142,سلف,9.421588,11.520434,6.0867352
1143,استقم,11.378911,12.228186,9.018865
1144,ايان,8.109417,11.711897,7.5866237
1145,غم,10.581205,11.878942,10.024956
1146,خيفة,11.427682,11.239648,8.167096
1147,عبده,11.967159,10.883594,9.279014
1148,أثبت,11.910195,10.746481,9.590213
1149,كهف,10.047482,12.261246,8.332309
1150,منير,10.89519,11.003102,8.017707
1151,التقى,10.479255,11.708721,6.4077597
1152,خمر,8.700538,13.045814,9.106671
1153,ضحى,9.620061,11.413181,7.828241
1154,ازوجكم,12.071416,10.187973,8.263204
1155,أبيض,10.495893,11.991924,10.15948
1156,نكث,10.384294,10.993098,8.49844
1157,انثي,10.383,11.955405,7.3414526
1158,اورث,11.906924,11.663588,9.006702
1159,ركن,8.106112,11.952381,8.062102
1160,اعجب,9.600111,11.387911,6.7136536
1161,مبرك,10.574004,12.196158,9.652742
1162,ويسلونك,9.472642,11.935893,8.051865
1163,اغلل,7.0291214,11.609433,9.095329
1164,قنط,9.995761,10.748509,6.0806623
1165,قارع,7.9458528,12.357751,8.712937
1166,مسول,8.897296,13.087759,8.845377
1167,غرفة,5.5404124,12.55488,8.34264
1168,صلوت,10.084258,10.8365,8.083968
1169,كافة,11.603187,10.475153,8.276343
1170,مصبح,8.594189,12.663471,8.642502
1171,غي,9.29566,10.450597,7.5635705
1172,تلقى,12.384802,11.138687,8.368975
1173,يقتلوكم,9.505641,10.903688,6.776656
1174,علو,7.6933765,12.484245,8.340745
1175,أحاط,10.614357,10.57876,7.1691
1176,كاتب,11.709145,10.754649,7.2697144
1177,ميعاد,7.0108914,12.715749,8.394104
1178,مترف,11.672398,9.449342,8.920182
1179,اتم,11.690939,11.243401,7.5048323
1180,ملوم,10.542186,11.553291,6.4807096
1181,بهت,10.26779,11.836405,9.487624
1182,استبق,11.926182,11.440303,8.457175
1183,كلف,9.699193,12.485641,8.659947
1184,ءاتن,11.0931425,10.200106,10.714188
1185,أضعف,7.7105737,12.407655,8.463804
1186,سنبل,9.14108,11.907666,8.014435
1187,احياء,8.912544,11.346145,7.2910385
1188,يعدكم,10.896814,11.669207,7.340464
1189,حر,9.556252,11.430519,8.448511
1190,خنزير,12.255828,10.5879135,9.48859
1191,جاهل,9.715002,10.821324,6.3895535
1192,نهر,8.048738,12.959429,8.414686
1193,خاوي,10.719522,11.929378,8.37414
1194,نكاح,10.374157,11.091768,6.530253
1195,خطوة,12.941064,9.234566,9.992298
1196,اكتسب,9.767887,12.417121,7.2474604
1197,فول,11.306203,10.307914,7.93055
1198,كرة,10.583978,11.297048,8.762403
1199,مستكبر,10.020074,11.297185,9.76787
1200,باقي,9.919031,12.226076,8.205788
1201,اثقال,6.8965845,11.965279,7.8545303
1202,خطب,11.689713,11.002885,7.5940757
1203,فجعلنهم,8.08371,11.9230385,8.318862
1204,ضيق,10.702897,11.945756,8.601108
1205,اجد,8.656377,11.917379,8.048669
1206,غنم,12.262725,9.264737,8.12384
1207,خصم,9.775471,11.109593,7.9449806
1208,تفصيل,13.018895,9.450458,8.622541
1209,سيئة,9.4521055,12.210514,10.04548
1210,ربا,12.701519,10.865723,8.018191
1211,وازرة,9.076226,12.338523,7.316821
1212,لؤلؤ,8.025862,13.1158285,8.463452
1213,ثقل,10.067714,11.485468,8.479877
1214,صغر,11.669162,10.367469,8.381311
1215,اطعم,11.959721,11.127049,7.7832093
1216,يؤخذ,11.130029,11.077979,9.809414
1217,سم,8.072319,12.612949,8.409266
1218,ثقيل,11.322557,10.840129,7.9730177
1219,سرق,10.515267,11.615213,8.171729
1220,اجئت,10.648702,11.368111,7.5230474
1221,وءاباؤكم,13.099583,9.084304,9.54296
1222,نكير,9.035259,10.480373,8.020778
1223,استضعف,12.1410055,9.756409,9.412088
1224,عتا,8.404098,12.534999,8.640023
1225,جثم,7.642119,12.350388,8.526378
1226,مكانة,9.244759,11.969951,9.978558
1227,سب,9.2269335,11.697302,8.830913
1228,اذني,9.326602,12.1625395,7.0622587
1229,استجب,8.498273,12.832806,8.793734
1230,يامركم,11.30999,10.6975975,8.198128
1231,شاعر,9.45529,10.088615,7.913558
1232,يليت,7.1199784,11.842216,8.524054
1233,حياة,5.6243114,11.690441,8.529013
1234,فرط,11.604446,10.46343,8.126623
1235,اوزار,8.201529,11.655043,7.6039867
1236,مصر,7.903985,12.712569,8.040837
1237,نبت,11.097552,12.261882,7.8297606
1238,قص,11.765081,10.13507,8.516444
1239,سقط,9.183811,12.409421,7.2657113
1240,بقي,10.110494,11.501877,9.315793
1241,حافظ,10.588334,11.3021755,9.276918
1242,تعث,9.845994,12.032643,6.645497
1243,موقن,10.762579,12.796944,7.1615725
1244,كوكب,7.7580175,12.634894,8.218719
1245,ابو,8.321905,12.996987,8.23401
1246,هدين,10.018852,11.237835,7.3561487
1247,هون,7.4840593,12.344576,8.351306
1248,تقدير,10.8309555,11.182224,5.043651
1249,انشاكم,11.340911,11.136958,7.102724
1250,داب,11.390485,9.268041,8.636455
1251,جواب,11.56857,10.318973,8.36882
1252,الق,11.577116,11.30385,9.21963
1253,زاني,11.638725,10.8106985,8.130497
1254,انتقم,8.5298815,11.680356,9.333173
1255,ءاخرون,10.101942,12.44805,8.034307
1256,قسم,6.7226024,12.232513,8.492257
1257,شرك,10.593528,11.627087,5.295637
1258,اذق,9.691228,12.235335,8.091914
1259,فرش,10.638578,11.994916,9.430138
1260,رهق,8.075518,12.427415,8.776381
1261,ائتوني,11.883069,10.617859,6.884725
1262,وزين,6.2833037,11.479757,8.344921
1263,مرية,10.436116,11.163562,9.895391
1264,مصالح,11.122334,11.253782,7.1992955
1265,ضيف,9.707032,12.359021,7.5964217
1266,اواب,11.720397,10.888456,9.796313
1267,حطم,7.480544,12.305792,8.522804
1268,صورة,11.014064,11.713407,5.840732
1269,عطاء,7.671961,12.860512,8.290806
1270,فؤاد,9.985754,10.734587,8.521645
1271,احاديث,11.044131,10.80717,6.7193413
1272,غد,11.421699,10.754394,7.001158
1273,بكى,10.880285,12.043062,9.432823
1274,فتى,11.744089,10.466457,8.28604
1275,قهار,11.651406,11.116707,5.381012
1276,أذن,7.591856,12.218434,8.938557
1277,مخلف,11.029478,11.2630625,7.258687
1278,منفقت,7.9127645,12.563976,8.498986
1279,املي,7.3541136,11.361354,8.853537
1280,دمر,9.153988,11.7616005,9.079173
1281,قومي,10.652213,11.122097,7.8486032
1282,نشور,8.743209,12.660451,7.523913
1283,أهدى,10.923566,11.407671,8.066742
1284,بلدة,11.553488,11.053921,5.321465
1285,حوت,9.710682,11.030358,7.224608
1286,واقع,8.37704,12.793686,8.649878
1287,مبطل,8.8961,11.426763,6.939312
1288,كلب,11.619751,10.020209,7.613142
1289,اقترب,10.442034,11.195477,7.129203
1290,اءله,10.500603,12.653833,7.5808153
1291,شهاب,9.032326,11.762414,9.178636
1292,ادم,10.939365,11.11534,7.3519955
1293,يادم,9.620182,11.955616,7.0174665
1294,نجني,10.498965,11.417408,10.257359
1295,ائم,7.952948,11.728919,7.8809066
1296,خليفة,11.326501,10.285329,10.601245
1297,خروج,11.076291,11.503881,7.3370996
1298,ابتغ,10.188048,11.0312,8.530297
1299,ياتون,10.669914,11.023266,10.061262
1300,هين,10.943295,10.975049,6.77811
1301,لتات,11.807578,11.379094,8.5871315
1302,ارائك,9.74187,12.595868,8.654622
1303,صعيد,9.60949,12.5984335,7.2760267
1304,مكث,11.506212,11.913983,9.492358
1305,يمريم,10.543862,11.123563,6.6220884
1306,أوصى,10.2990675,11.631935,7.3036957
1307,خائن,11.707614,10.418638,9.506752
1308,انبياء,11.368988,9.561819,7.746266
1309,فاعبدوه,10.244931,11.23069,6.8468566
1310,تحرير,12.484295,10.557033,9.666276
1311,قائمة,11.016481,11.752575,10.048482
1312,ءايتك,12.878578,9.456793,9.470849
1313,مستضعف,12.589803,10.772488,8.047239
1314,سبب,7.8490005,12.0088625,8.259211
1315,ابعث,12.247054,9.363555,8.653026
1316,رقيب,10.818076,11.493573,6.9400315
1317,نبوة,13.093808,9.046847,9.920231
1318,رعب,11.006651,10.888101,9.520149
1319,ءاباؤكم,10.371874,11.564633,9.293321
1320,يهدين,11.993832,11.2958355,8.304691
1321,كسف,10.592886,11.969868,5.3889546
1322,احاط,11.229224,11.252689,5.2551064
1323,مهل,8.447264,11.70344,7.921727
1324,اظن,8.451843,12.400357,8.70685
1325,طاف,10.903097,11.590017,7.1282487
1326,اوتيتم,9.003658,11.541409,6.4028444
1327,استمتع,11.255088,11.913425,5.9234443
1328,درس,12.485408,10.188426,8.479667
1329,راث,11.997529,11.440779,9.699601
1330,محيص,8.68921,11.450402,7.1987567
1331,اطلع,11.417584,11.193033,7.1156144
1332,اللهم,11.435736,11.554057,5.7983675
1333,عقبى,5.1603055,11.931948,8.537851
1334,رهن,11.799998,10.5114975,7.232866
1335,القي,10.437165,12.199152,9.621409
1336,تحسبن,9.692483,11.453073,6.5744944
1337,يريكم,11.364574,10.92705,8.122698
1338,اعز,10.289568,11.574593,8.644745
1339,طريقة,11.153157,11.576349,5.8201175
1340,اجتبى,11.753023,10.138903,7.643386
1341,امي,11.944537,10.024969,7.6823153
1342,ياولي,9.385144,11.82505,8.695805
1343,اماني,10.468055,12.117256,8.362609
1344,اناب,10.1902895,11.293375,7.437802
1345,حريق,6.013391,11.841165,8.566351
1346,املك,10.625745,10.878866,6.0485673
1347,احصى,11.889489,11.648137,9.115871
1348,يئس,6.415946,11.404951,8.73344
1349,ابوي,10.950619,12.760038,7.2910314
1350,نفرة,11.674848,11.251688,8.679446
1351,صيد,11.915085,10.972346,8.186075
1352,ساق,8.328542,12.479902,8.217351
1353,خزن,9.606285,12.356757,7.330094
1354,اسباط,12.63386,9.885144,9.726814
1355,اعتصم,11.405481,10.943672,8.729107
1356,محرم,11.785154,11.624669,9.048796
1357,غفلة,10.184621,11.799583,9.805648
1358,بغض,8.329191,12.123963,9.17068
1359,وقود,6.8318048,11.79891,8.82354
1360,تؤمر,9.79872,11.655449,6.5854344
1361,حاصب,11.383445,9.853445,7.8047767
1362,اسوا,9.725884,12.649776,9.587184
1363,شد,9.94721,12.108084,7.9912224
1364,همن,12.586426,9.770264,9.715048
1365,ابائ,10.552009,10.0554905,7.486738
1366,فدية,11.324172,11.021594,9.754057
1367,صرح,10.541274,11.802611,8.526404
1368,اينما,10.289025,11.31467,6.9822063
1369,منسك,10.434103,11.882312,7.9834075
1370,امسك,9.340076,11.430326,5.9824843
1371,اكواب,9.7598915,12.060148,8.017396
1372,ايحسب,10.400333,11.890537,6.704631
1373,راضي,10.021581,11.259294,8.081038
1374,اهد,9.278326,11.274629,5.914447
1375,عصف,9.782144,12.227916,8.4076805
1376,سقر,9.94696,11.624438,9.177706
1377,زنى,7.3014436,12.772941,8.568187
1378,انشق,9.158113,12.685835,7.57148
1379,مرفوع,10.150368,12.401251,8.397907
1380,فر,10.825514,11.134272,8.688368
1381,محروم,9.406321,11.672678,8.036016
1382,ممنون,9.90972,12.664197,10.077166
1383,سدر,8.448889,12.117355,7.9307294
1384,نعجة,10.987859,11.36947,10.044016
1385,خدع,12.939408,9.835333,9.643944
1386,استغنى,9.747367,12.043059,8.388693
1387,رءاه,11.791729,11.672785,9.075427
1388,مكنون,9.650786,12.195084,8.544785
1389,ناصر,10.476319,12.39662,8.12106
1390,زجر,10.22997,11.497976,7.1497207
1391,صوت,12.244351,10.5425625,9.754982
1392,زلفى,9.48654,10.914224,6.628886
1393,تكبر,10.239607,11.452018,7.494925
1394,اموت,11.573593,10.7129545,9.548147
1395,نات,11.824781,11.063564,7.4594955
1396,جاعل,8.566035,11.695811,7.830245
1397,نفد,10.909723,11.624069,7.267988
1398,خبر,8.577554,12.069685,9.063507
1399,بلاء,7.749257,12.868683,8.291325
1400,سفينة,11.246816,11.755396,10.044698
1401,جوع,10.513996,12.021652,8.774958
1402,سد,10.845618,11.201,9.85049
1403,اهتز,12.425427,10.611282,7.2452245
1404,ءاباؤهم,10.096439,11.315454,8.495852
1405,علقة,10.301659,12.163159,6.046537
1406,ادري,11.967071,10.192367,9.247875
1407,ابتلى,11.196562,11.44059,8.347766
1408,المن,11.79775,10.894561,9.453691
1409,قدس,11.8901,10.543514,8.450519
1410,اسرى,10.779,10.988278,8.466133
1411,قصاص,10.760235,10.744063,7.870918
1412,حط,8.812731,11.891793,7.819745
1413,افرءيت,10.436467,10.273035,8.1048975
1414,ءاباء,9.111465,11.853014,9.191678
1415,ءالهتكم,11.388055,11.955865,7.8510075
1416,ءاتيكم,6.4154906,11.9285555,8.858564
1417,أودى,10.706784,11.150991,10.488305
1418,أقر,11.0487995,12.044011,9.579898
1419,اقر,10.465457,11.770751,8.027317
1420,أسر,11.226598,11.874821,8.104871
1421,افلح,9.616289,12.496207,8.788536
1422,ميثقكم,9.052504,11.955513,9.058711
1423,مطمئن,10.559012,10.962318,9.9977865
1424,نبذ,11.909056,10.04085,9.0348015
1425,بحرين,8.934947,12.848115,8.79111
1426,زور,9.760066,10.864633,6.6183076
1427,صفا,11.035942,12.23498,7.8667965
1428,هات,10.387216,11.698015,6.075536
1429,ازلف,5.575172,12.542461,8.343427
1430,اعف,9.477086,11.793239,6.843326
1431,ممتر,11.828503,11.229748,8.430879
1432,مولي,11.115701,11.437341,7.373647
1433,سراج,10.97285,12.208165,9.679753
1434,تقرب,9.499433,11.670339,6.6257095
1435,فرار,10.278235,12.251262,8.015456
1436,نسف,7.794767,12.115983,8.315734
1437,ثبور,12.050525,10.362543,8.356044
1438,اصيل,10.672425,11.755202,7.269614
1439,ءابائكم,11.891067,10.190163,8.466874
1440,عورة,11.6529875,11.764805,9.420558
1441,اساور,5.519184,12.576755,8.328517
1442,استبرق,7.7441187,12.996597,8.5684395
1443,باساء,12.266251,10.709649,9.7572565
1444,ءاباءهم,9.001901,11.351049,8.530992
1445,معين,11.390114,11.6529455,6.356249
1446,مرء,9.436371,10.876746,7.2348247
1447,منتصر,10.917959,12.002857,8.314658
1448,ملؤا,12.564056,10.244957,9.741072
1449,عقيم,9.41657,11.750439,6.123929
1450,مقتدر,10.719163,11.324844,5.981083
1451,شاكر,10.617944,11.50817,7.25105
1452,اهلكنهم,10.821303,11.154918,10.322837
1453,اهتد,11.488244,10.728524,8.92604
1454,تواصى,9.831069,12.602214,9.781395
1455,تات,10.9052515,9.690856,7.730141
1456,مقعد,12.12815,10.117135,7.789083
1457,أجهد,10.657456,10.417457,7.807163
1458,اهؤلاء,11.878893,11.061853,9.306045
1459,دائرة,8.114868,12.804483,7.968566
1460,ياتوك,10.627306,11.252947,7.5213203
1461,تقبل,8.741766,11.27253,8.129096
1462,يعذبكم,6.0284724,11.865175,8.536683
1463,برهن,11.513696,10.577544,10.2793255
1464,غلا,12.850337,9.416747,8.546635
1465,يونس,10.796916,11.191386,9.903948
1466,ايوب,11.705543,11.174054,8.685657
1467,استخرج,9.124496,12.506272,7.466109
1468,صلب,9.737338,12.18452,8.321256
1469,طريق,7.513977,12.782755,8.653238
1470,تعرض,9.894065,12.373801,8.564218
1471,أصلح,8.319182,12.285939,8.277994
1472,طغي,11.518168,10.653377,10.298486
1473,فاض,11.639023,10.964335,8.241892
1474,وبال,6.6173983,12.384491,8.5870285
1475,فاخذنهم,10.454807,10.6403055,7.3050194
1476,اتقو,13.132152,9.083653,9.679865
1477,ائتنا,6.6376805,12.1719675,8.20612
1478,انجى,11.610766,9.46687,8.664331
1479,يتوفىكم,11.3184595,11.496612,6.0648417
1480,ورقة,7.39056,12.884645,8.607166
1481,دابر,9.04458,10.54695,7.6689262
1482,قادر,10.74407,11.742598,6.2023973
1483,اشياء,12.584637,10.868335,8.629112
1484,استعذ,12.485255,10.965935,7.8756423
1485,ائنكم,12.199592,10.591734,7.078557
1486,تضرع,10.104006,11.704643,8.364494
1487,كاشف,9.434822,11.648047,6.181021
1488,اغير,10.17877,11.785291,6.3674827
1489,يقتلونكم,10.363318,11.369931,7.204783
1490,ءاذان,8.930327,10.853504,8.009594
1491,اسلح,10.41957,11.922129,10.192036
1492,مجهد,9.066587,11.623999,6.3877425
1493,جمعان,9.518369,11.416139,6.7164035
1494,ادفع,10.693549,11.0414295,8.353661
1495,ينصركم,9.898017,11.172176,8.50359
1496,متوكل,10.790724,10.779576,7.147395
1497,متم,9.398409,11.6488,7.3823633
1498,حسرة,9.70948,11.457121,8.257997
1499,قعود,10.59269,11.654602,9.58439
1500,جهلي,11.806718,10.622626,9.698424
1501,صابر,11.414001,10.873153,7.7913256
1502,اهم,9.5922365,11.571058,7.8780203
1503,كيلا,11.229452,11.486195,7.29095
1504,أحس,8.190739,12.469377,8.506527
1505,اعقب,9.080745,11.342384,8.002632
1506,محمد,12.5850525,10.671485,8.709413
1507,قصة,11.817599,9.32103,8.604274
1508,ضاع,10.256252,12.696051,9.884106
1509,ربع,12.62445,10.953896,8.527857
1510,مغنم,10.76635,11.408405,8.1641865
1511,مدخل,8.212947,12.938799,8.270444
1512,اصدق,7.5919547,12.432669,8.78471
1513,برج,10.06968,12.440276,6.3457613
1514,انفر,11.475938,10.63412,9.540698
1515,اقتل,11.840649,10.06905,8.35672
1516,فخور,9.992124,12.242847,8.082165
1517,عقد,11.679721,11.578694,9.118902
1518,محصنت,7.3104825,11.968347,8.351694
1519,هني,11.238942,11.735472,9.896945
1520,طول,11.60388,10.775677,7.1390157
1521,اخذن,8.912569,12.202468,8.555742
1522,بت,12.343593,10.364158,9.540061
1523,اخ,11.065897,11.2172785,8.38684
1524,اثنتان,11.228543,11.770431,7.6908145
1525,حسيب,11.251723,11.02745,8.198393
1526,اصنام,12.937625,9.661397,8.999394
1527,نري,11.033683,11.700762,5.8649635
1528,ملكوت,11.359968,11.569231,5.5680976
1529,حصيد,8.277843,13.106376,8.403935
1530,اخسر,7.134401,12.181665,8.59163
1531,شان,11.056002,11.24738,7.111308
1532,شفاء,11.245886,10.425222,10.492704
1533,يستخرون,9.777375,11.926847,6.996542
1534,نرينك,10.232515,12.299804,8.322177
1535,امس,10.735011,11.695759,7.329509
1536,ايكم,10.421689,11.613911,6.279688
1537,عمي,10.594302,9.973204,7.915468
1538,بايع,11.665021,11.811738,9.041513
1539,مرج,9.840136,12.581176,8.532144
1540,مغرق,8.435691,11.872757,8.05841
1541,اعتذر,10.6198225,11.167305,9.961673
1542,تعجب,10.194667,11.323259,8.533191
1543,عشير,9.908184,12.051857,8.852105
1544,نرىك,10.657825,11.337504,10.419316
1545,ينوح,10.669013,11.804178,10.2396145
1546,فائز,7.156743,11.628219,8.6051655
1547,سول,10.347127,9.657583,7.642379
1548,احلم,10.872403,9.611638,7.6784654
1549,رءيا,11.904667,9.877823,8.577681
1550,مكين,10.742591,11.932303,7.774643
1551,ذل,8.37776,12.179579,8.237391
1552,نبئ,11.098194,11.248731,7.4225755
1553,اكرم,11.085535,12.396213,8.084342
1554,عصبة,10.388424,12.269881,8.386064
1555,ينفعكم,7.0995526,12.100468,8.196479
1556,ارتقب,8.3341675,11.402966,7.9298353
1557,يابرهيم,10.870088,11.1057005,8.496054
1558,مجيد,11.990792,11.486495,9.486589
1559,شيخ,9.999512,12.199337,6.1717467
1560,عجوز,9.467416,11.683679,7.716172
1561,عنيد,8.062821,12.438812,8.703143
1562,استحب,6.5188713,11.493188,8.598879
1563,صدور,10.596314,10.158351,7.9888377
1564,احب,10.661166,11.214486,9.378634
1565,شرح,11.291028,11.116998,7.4660954
1566,خلئف,8.937139,10.873457,7.9411674
1567,فوحش,10.255733,11.4295635,6.4867206
1568,لصدقون,10.57784,12.567945,8.526904
1569,ثمنية,11.200548,11.772499,5.902486
1570,أسرف,10.11362,11.787429,8.025438
1571,أولى,9.137984,11.978643,7.682504
1572,اجرم,9.1008625,12.055826,8.297372
1573,دعوى,9.448476,12.283213,8.25119
1574,باطن,9.818759,12.038827,6.151247
1575,صحبة,11.647508,11.310239,6.098415
1576,زيتون,7.449417,12.947625,8.548406
1577,تدني,7.961986,13.220276,8.750952
1578,زخرف,9.877612,12.043349,8.040274
1579,تؤفكون,11.693942,11.317552,5.7090726
1580,اهلكنها,10.174081,11.36759,9.818328
1581,غائب,11.112663,11.743776,9.547743
1582,عهدتم,12.857494,9.943709,8.545474
1583,هد,10.2698,10.489366,7.9154897
1584,يؤتكم,10.745354,10.526552,7.781083
1585,منام,11.02243,12.103111,7.8881497
1586,اعناق,6.1973944,11.529293,8.810094
1587,غدو,10.824368,12.324731,9.620598
1588,انجي,8.997312,11.782226,9.305877
1589,قطعن,11.854674,11.197674,7.4233775
1590,مفتري,12.367316,9.255135,8.339821
1591,املان,6.6709914,12.266851,8.216326
1592,جسد,11.154107,11.992073,8.013482
1593,دك,11.040742,11.945098,7.3379173
1594,منقلب,11.012329,11.4519825,9.286176
1595,رجفة,8.14408,12.090296,8.257039
1596,نحت,11.437731,12.291213,7.7626004
1597,ذرو,11.18905,11.312925,7.476343
1598,كبت,10.792412,11.185327,10.274376
1599,وءاي,10.953151,12.315147,7.9401045
1600,صبار,10.031809,12.268331,8.454918
1601,ونه,11.23466,11.633882,6.54711
1602,تطهر,11.713896,10.7520895,8.210647
1603,علانية,11.862618,11.029217,10.217206
1604,ازكى,10.044482,12.686384,8.220825
1605,حرب,9.354979,11.77314,7.1774845
1606,تصدق,10.872649,11.171685,8.72222
1607,مسحور,11.477547,9.486353,8.54698
1608,حاضر,9.547817,12.357973,8.683754
1609,اقوم,9.660852,12.190338,8.589995
1610,أبطل,12.525092,10.329152,9.76489
1611,خاب,9.869403,10.425038,8.002594
1612,صلصل,11.4332485,11.853169,6.048929
1613,اصر,10.888279,11.0953,8.936007
1614,شق,11.013448,11.749605,7.253845
1615,قبض,10.6449175,12.125281,7.9954433
1616,ءاتيتموهن,11.019262,11.265533,9.849196
1617,انتقام,11.20548,11.344281,6.0619698
1618,دفع,11.515478,11.273662,7.2977204
1619,اطمأن,11.479024,10.45088,9.822443
1620,محراب,10.535176,12.24678,7.9344134
1621,افغير,11.258436,10.815016,6.954308
1622,فسوق,10.829514,10.59811,7.5390873
1623,أقرض,9.602872,12.081038,8.387699
1624,اقتتل,11.4681225,11.434098,9.0482645
1625,حلية,8.054313,12.5731325,8.557515
1626,يعيسى,11.86694,10.634085,7.0520535
1627,نسل,9.686981,11.756492,8.331084
1628,اولياؤ,7.1553545,12.072019,8.675749
1629,سقف,8.627237,12.041472,8.044423
1630,أكره,11.083635,10.228164,10.689799
1631,عنت,9.985461,10.817463,6.441401
1632,انفقتم,12.389041,11.062684,8.332712
1633,ارسلتم,12.475377,9.529064,9.502887
1634,صال,9.880961,12.166573,8.1419325
1635,اقتلو,9.099263,11.485891,8.496566
1636,حمار,10.6180725,11.086448,8.033202
1637,نحي,9.817477,11.555221,7.4038157
1638,ادبار,9.042693,11.348425,8.510947
1639,اوفى,11.830373,11.883735,8.653924
1640,اغنياء,10.500073,10.033302,7.8093214
1641,درجة,9.696638,11.201818,6.56864
1642,نبؤ,8.707209,11.423765,7.9210415
1643,استطع,8.849973,11.701978,7.7959166
1644,مقرن,9.142481,12.082571,8.246539
1645,اطهر,8.564787,11.369205,8.842315
1646,اعتزل,11.78459,10.471881,9.062233
1647,أسقى,10.132104,12.348097,6.0882196
1648,هانتم,10.106648,11.005417,8.991881
1649,امنتم,9.92535,12.406595,8.647369
1650,قصص,11.868526,10.260643,8.241462
1651,متقبل,10.016325,12.282199,8.264421
1652,لقيتم,12.45023,10.445142,9.792426
1653,ثلة,10.5420885,11.23366,8.814215
1654,شاق,10.4981575,9.879105,7.2470803
1655,ألحد,10.044748,11.910825,8.237967
1656,جو,9.96911,11.896391,6.281203
1657,اعنق,10.365174,12.019416,6.9186387
1658,متين,10.370678,12.090298,8.138843
1659,اصال,11.12787,11.985613,9.518433
1660,ربط,11.6214695,10.622816,8.366335
1661,اقعد,12.9549055,10.142954,8.945181
1662,استجيب,10.052576,11.294473,8.457597
1663,خان,13.020473,9.961002,8.572285
1664,زهق,6.321548,11.465004,8.404392
1665,مشركت,10.853078,10.690189,7.8275685
1666,قارورة,11.029213,11.296185,8.320611
1667,متربص,8.846139,11.369895,7.8352785
1668,صحب,10.138538,11.049422,9.395272
1669,أروى,12.233901,10.737671,9.914619
1670,جهاد,10.668395,10.070154,8.029406
1671,مسنون,11.101723,12.011822,9.586009
1672,محيض,9.871711,12.490242,7.728673
1673,مالي,10.402892,11.71272,7.309699
1674,نمل,11.107038,11.737144,9.975158
1675,وزع,8.880203,10.711494,7.6567616
1676,تنزل,11.327028,11.6491165,5.5782213
1677,اعظم,9.561564,10.7556095,6.39137
1678,يستون,9.540407,10.480076,7.584633
1679,مشحون,10.244412,11.552787,7.1867
1680,فصد,6.8165307,11.741415,8.811592
1681,جئنك,10.240572,11.118223,7.254872
1682,ذرا,9.546947,11.841809,7.0175314
1683,ارذل,9.838463,12.094418,6.556159
1684,فاتوهن,10.339106,12.357756,7.777425
1685,زدن,7.1791153,11.783654,8.513133
1686,مضى,10.44804,11.8548155,7.6171694
1687,ضيع,10.041046,12.662015,10.039253
1688,عمد,10.864641,11.728581,5.228061
1689,اجاج,9.411969,12.219778,7.258718
1690,لخسرون,10.385965,11.691581,9.5067215
1691,انصرني,9.174296,10.363592,7.740808
1692,اتات,12.003028,9.8146,9.496569
1693,يستعتبون,7.044881,11.918579,8.457327
1694,اركع,12.002774,11.087519,9.824738
1695,بوا,11.919242,11.59443,8.990153
1696,دهن,9.800726,12.3988,8.044232
1697,لقدرون,11.384313,11.693654,5.8931637
1698,فياخذكم,6.1150546,12.243922,8.500656
1699,تمسو,6.088025,12.121181,8.458611
1700,استعين,11.973778,11.294788,9.6211405
1701,بئر,9.458819,12.065629,7.1763263
1702,رحل,12.224011,10.710538,8.237905
1703,موثق,11.779232,10.301456,7.933827
1704,سميتموها,12.929142,9.879806,8.943978
1705,لنرىك,12.064382,9.271157,8.686347
1706,يكذبوك,10.413955,9.524581,7.826648
1707,مسخرة,11.032023,12.173885,6.0658183
1708,ولج,10.48057,12.577647,5.7838087
1709,يستقدمون,9.648722,11.768859,6.9896216
1710,عظم,9.705538,12.137792,9.007769
1711,اتقولون,11.946527,10.581635,7.1137843
1712,احي,12.546643,10.5955715,7.656043
1713,مدحور,8.03029,12.73208,8.160977
1714,يشعيب,11.703156,10.064086,8.37158
1715,انشان,10.925206,12.093158,8.61559
1716,رغد,7.88605,12.7252035,8.480643
1717,فرع,11.761603,11.180368,8.178045
1718,معذرة,7.2400913,12.226066,8.635759
1719,فرات,9.405696,12.223792,7.2084656
1720,فجعلنه,10.96503,12.31059,7.990157
1721,لينا,11.384303,10.762835,6.9726796
1722,اختار,11.621492,11.035838,7.1396155
1723,حديقة,10.492778,11.590054,7.81006
1724,باغي,10.440673,10.712343,5.992921
1725,اسفا,11.415155,9.46409,8.797542
1726,ياتينكم,11.829068,10.829186,9.913608
1727,الواح,11.783904,10.846466,8.597601
1728,تعدى,9.717118,12.476581,8.765713
1729,غض,11.989622,10.15516,9.2862215
1730,فاغرقنهم,7.1094584,11.303444,8.777762
1731,قهر,10.936181,12.284122,7.80416
1732,سخري,8.945869,11.89631,8.327967
1733,برزخ,8.22503,12.688348,8.617316
1734,وءاباؤنا,9.113164,11.139332,8.161288
1735,فامسكوهن,11.131064,11.273223,7.5326085
1736,ايي,11.584373,10.202416,7.773128
1737,ءاذن,10.863469,11.843848,9.873415
1738,تلقف,11.003734,10.9895525,9.597256
1739,غمرة,10.135191,11.93359,8.042
1740,ارج,9.633748,11.596494,8.800827
1741,رهب,9.170608,11.773223,8.488605
1742,انتشر,12.369715,11.111746,9.414947
1743,ملج,9.500161,11.726108,6.6479597
1744,اوتاد,11.6247635,10.268405,8.440305
1745,انيب,10.7292185,11.378742,7.1800265
1746,ازف,10.106833,11.527627,9.623617
1747,لان,11.835509,10.904391,8.142187
1748,أنجى,7.77968,12.440739,8.556843
1749,احتسب,8.22473,11.668833,7.589163
1750,سجيل,10.129656,12.275176,8.280459
1751,يعباد,11.060066,11.356549,10.174847
1752,التفت,11.567946,12.152303,7.902353
1753,خطاب,10.516123,11.716248,5.8877716
1754,رشيد,11.970206,10.227285,8.532814
1755,ذرع,10.069505,11.665889,8.127918
1756,اسبب,10.985321,11.702523,5.5052547
1757,ظلمنهم,9.683332,10.98384,6.7678366
1758,اجيب,10.453457,11.491218,7.419974
1759,تولي,10.386738,11.584868,7.0132475
1760,ماد,10.540814,12.711975,6.194941
1761,ءاباءكم,11.696951,10.774988,9.472406
1762,فراغ,10.3512,12.235755,8.631038
1763,زقوم,12.214623,11.209474,8.436183
1764,اوجس,11.347642,11.504629,8.289937
1765,فعقروها,9.792559,11.584981,7.452569
1766,انؤمن,13.123274,8.541492,10.196219
1767,ناصية,10.116529,11.37182,7.526352
1768,بسلم,8.001502,12.422863,8.542816
1769,تدعونني,7.7917,12.643765,7.9967103
1770,مشهود,8.012303,12.272136,9.0615635
1771,تسلن,9.640624,12.691299,9.727859
1772,محل,10.30664,12.002857,9.149548
1773,مزاج,9.996732,12.270927,8.291961
1774,شداد,9.276776,12.025966,7.665674
1775,مصلي,10.165742,11.597447,8.628703
1776,حض,8.969836,11.886031,8.017112
1777,مشم,7.3284283,11.469628,8.521906
1778,ميمنة,7.248606,11.635782,8.517581
1779,ابيض,10.005539,12.304706,8.375916
1780,انسى,9.459545,11.813601,9.384234
1781,اعتد,11.415866,10.655819,7.964866
1782,اشر,11.833252,11.626895,9.285169
1783,سعر,9.225289,11.719049,8.926681
1784,هان,10.547474,11.373956,7.388249
1785,صرصر,8.905578,12.719435,8.738648
1786,منتهى,9.726623,12.060078,7.8166523
1787,كامل,9.550977,12.673749,7.7400265
1788,طاغي,10.321374,11.13843,8.506865
1789,ذئب,10.503003,12.251494,8.390926
1790,لحفظون,12.28354,10.671158,9.603625
1791,قوه,10.922788,11.228829,8.141962
1792,دخر,11.568409,11.383003,5.887988
1793,تطغو,10.144052,12.790435,8.280946
1794,جوار,10.496864,10.949841,6.575157
1795,ابشر,10.584533,11.637127,10.2109785
1796,زفير,10.6205225,11.171763,9.950054
1797,اسلك,9.256432,11.774364,7.4501343
1798,فار,10.877819,12.21831,7.6877728
1799,لمز,9.413038,11.307014,6.8690605
1800,يسومونكم,7.1919203,12.452819,8.696136
1801,احبط,10.409114,10.720539,10.286923
1802,منتقم,10.469809,11.162461,7.942751
1803,أعرج,11.060713,11.683597,5.8318467
1804,غاظ,9.702188,12.444463,8.621813
1805,ميسر,12.148259,10.806735,9.802213
1806,اسس,8.155554,12.524074,8.252263
1807,غيث,10.373038,12.084143,8.305724
1808,والد,11.517974,11.490618,9.641569
1809,تتفكرون,11.006463,11.314253,7.587999
1810,اعترف,9.216643,12.22115,8.730095
1811,مصفر,8.71347,12.314064,8.66533
1812,مغرم,10.472672,12.389818,9.1115675
1813,اسو,8.836775,11.674951,9.461803
1814,متشب,10.5912695,12.508952,8.587645
1815,اخبار,11.143699,10.968985,8.345341
1816,احمل,9.020252,10.834565,8.016077
1817,يبدئ,10.799036,11.548242,5.898094
1818,نفاق,9.591008,11.862719,8.680296
1819,وليعلمن,11.7162,10.666329,9.651864
1820,نادي,9.337517,11.698974,8.012167
1821,فاخذنه,7.399168,12.09605,9.054341
1822,فاخونكم,11.37106,10.859414,8.365215
1823,نسق,10.858096,12.295709,7.7335176
1824,فوج,7.9152603,11.405966,8.299843
1825,أفتن,9.551,12.316517,8.553331
1826,ضياء,11.368504,11.743631,9.36934
1827,اخفض,10.87635,11.788807,10.06494
1828,يردوكم,9.064935,11.403447,8.96891
1829,بادي,9.284422,11.867923,8.752606
1830,زلزل,10.117972,11.960241,8.121241
1831,أوفى,6.9933257,11.981251,8.39277
1832,تارك,12.030914,10.398553,9.3273115
1833,غرق,12.561334,10.434138,9.593481
1834,فنجينه,9.792587,11.318322,9.374908
1835,طمس,8.798871,11.901402,7.9523025
1836,نذيق,5.4128165,11.609608,8.602556
1837,نفخة,9.6038265,12.220898,7.1549563
1838,نتوفينك,10.041933,11.344784,7.708145
1839,خطف,9.203978,11.3127775,5.9676256
1840,تصرف,10.161965,11.600559,7.6289635
1841,افاء,12.838146,9.880488,8.357654
1842,اجداث,8.952906,11.781315,7.8247294
1843,أنقذ,7.605982,12.364117,8.370044
1844,سابق,8.18499,13.263851,8.837051
1845,مثقل,9.701611,11.859756,7.1678724
1846,بار,7.534446,11.852156,8.312243
1847,عاصم,8.065098,12.323684,8.152825
1848,ارون,11.0285845,11.360637,5.1777563
1849,قتر,8.975082,11.515517,8.312508
1850,بناء,10.629094,11.043228,8.317519
1851,أرهق,9.111204,11.776923,8.985236
1852,أدرى,11.7860365,10.782017,9.554299
1853,نذقه,5.8976746,11.763295,8.651606
1854,طفل,10.526077,12.312693,7.808914
1855,حاد,7.7263823,12.229896,8.592233
1856,يحرف,10.095205,10.542118,8.087252
1857,مرح,11.712779,11.344782,5.951699
1858,جاءوكم,9.235689,11.679533,9.134824
1859,جامع,10.04555,10.727959,9.05138
1860,حرض,10.954853,11.054614,9.095632
1861,اطراف,11.214838,12.606475,7.1323686
1862,راي,9.96123,11.547245,7.3757305
1863,مطلع,11.50153,11.207444,8.849345
1864,شهوت,8.288951,12.951947,8.889251
1865,تسليم,11.668139,10.750201,9.399299
1866,فتيل,9.513775,11.78798,8.965373
1867,موضع,10.255024,10.881474,8.442052
1868,سكرى,7.871862,12.231767,8.912118
1869,بال,11.67761,11.149471,8.414063
1870,ياذن,10.472821,11.666837,5.52906
1871,مسوم,9.4432125,11.800681,8.913437
1872,جبرئيل,11.350933,12.02648,7.9369664
1873,مختال,11.04277,11.210837,7.328632
1874,جار,10.856837,11.270725,7.440754
1875,صخر,11.0389805,12.275512,7.917468
1876,فرد,8.680735,11.814778,8.33761
1877,سلي,11.050927,12.168401,7.8936877
1878,ياتيني,11.231596,11.68753,7.577963
1879,كظيم,11.676285,11.703858,8.563169
1880,ميل,8.298552,12.886912,8.648141
1881,وهاب,10.496778,11.142975,6.04725
1882,تقي,10.817054,12.678377,8.342279
1883,مضل,12.450454,11.048514,7.8084617
1884,وقفي,11.915607,10.427728,8.236857
1885,بهيمة,12.170711,11.020257,8.040588
1886,سيم,10.724254,11.347508,9.894755
1887,استنكف,9.785274,12.290671,8.478745
1888,زبور,12.106389,11.314451,9.422601
1889,اقسط,10.380979,11.03688,6.6197133
1890,واكل,8.421615,12.698992,8.639275
1891,سيرة,10.755288,11.557242,6.991723
1892,اصطبر,11.407467,11.967096,7.9554896
1893,صادق,11.929586,9.590891,8.7739
1894,أدان,9.86049,11.993513,8.213109
1895,حرص,11.142665,11.190495,8.439845
1896,شح,8.499145,11.376395,8.842965
1897,خصيم,11.722361,10.972857,9.374932
1898,امك,10.554879,11.410623,9.775216
1899,حملة,12.112531,10.910971,9.864959
1900,خليل,10.925762,11.158409,9.844629
1901,هوي,11.814758,9.67953,8.611833
1902,قيل,10.369675,12.246747,7.896447
1903,خسران,6.9543343,11.586341,9.0505
1904,بئسما,10.650356,11.271584,8.677263
1905,جذع,10.478129,12.312552,8.46737
1906,احتمل,10.335344,12.510093,7.947172
1907,بري,7.4698663,12.750847,8.471449
1908,تجدل,11.583373,10.933717,9.493925
1909,احصن,9.978069,12.322405,8.2689
1910,متخذ,9.642863,12.484255,8.552074
1911,رضو,9.581398,11.577597,6.3595223
1912,صعد,10.175632,12.127511,8.149581
1913,غل,8.235337,12.976246,8.605243
1914,غالب,11.844665,10.853584,9.309374
1915,تربة,10.176546,11.783533,6.708267
1916,اشقى,10.96488,11.192931,8.566553
1917,اعذب,7.061158,11.707237,9.075953
1918,تب,9.920411,11.271873,7.156979
1919,ارباب,11.962384,10.722191,8.218965
1920,مضجع,11.214251,11.285165,7.7191906
1921,خائف,9.13987,11.783856,9.019217
1922,ارزق,9.679729,12.281907,8.615791
1923,اذقان,11.1135435,11.442451,8.761125
1924,أدى,13.15416,9.012005,9.663274
1925,اكتب,11.525442,10.595396,9.475682
1926,مقدار,11.039261,12.299011,7.727673
1927,نؤ,6.5545044,11.597807,8.4309025
1928,تمني,11.444976,11.269274,8.000853
1929,قرح,9.756079,11.78267,8.495502
1930,خسار,10.248153,11.4471855,10.434444
1931,فتر,11.76025,9.935592,8.719383
1932,بيان,8.596568,12.43375,8.668008
1933,أصر,10.265669,11.4592495,7.593882
1934,راكع,9.038163,11.865955,7.8882303
1935,اضعف,10.695193,11.441939,10.086406
1936,مدد,10.473995,12.277234,8.63382
1937,سخط,7.4399486,12.245695,8.01838
1938,تحويل,12.403427,9.513087,7.8694634
1939,قيوم,11.584562,10.613122,7.2506433
1940,ويستعجلونك,6.550929,12.114127,8.760638
1941,سكرة,10.302465,10.188614,7.872802
1942,بامولكم,9.885933,10.990359,6.853655
1943,عمة,12.090258,10.569659,10.050512
1944,متصدق,11.027195,11.677381,9.893735
1945,أوقد,7.202448,12.467422,8.828016
1946,قديم,11.481935,10.608242,8.167982
1947,زبد,7.235736,12.515682,8.75956
1948,سدس,11.287196,11.277076,7.5107546
1949,قسمة,11.18809,11.774168,8.0215
1950,سندس,8.926686,12.854017,8.198335
1951,كثر,10.249689,11.409171,8.420063
1952,مارى,10.6891365,11.312954,9.871064
1953,يحسبن,9.91726,11.4064865,8.006935
1954,سيد,8.520245,11.625172,9.239526
1955,عاقر,10.451438,11.370521,6.9400945
1956,مثنى,10.494625,11.855779,7.221942
1957,انكح,10.06049,12.217032,10.075667
1958,سأل,9.774269,11.921689,8.340167
1959,حواري,11.940122,10.394271,7.482832
1960,حسد,8.456206,11.755783,7.9978275
1961,تخلف,8.547327,11.70367,7.9514456
1962,ذائقة,10.482708,11.741388,7.369478
1963,قربان,9.116803,10.891843,8.093725
1964,ميز,10.728092,11.404988,8.526754
1965,شعئر,12.323878,10.434959,8.324013
1966,يجرمنكم,10.438703,10.303165,7.9125514
1967,وزن,9.746977,11.529544,9.759586
1968,عاجل,8.555697,12.701623,8.470904
1969,حسبان,10.23196,12.460544,6.0693016
1970,انصر,9.382034,11.583522,8.361837
1971,فالق,10.756727,12.355318,7.8971863
1972,ءابائهم,5.467621,12.553947,8.32112
1973,حاجة,12.640399,10.490111,7.7268243
1974,عير,9.245943,11.808166,9.014924
1975,نتلو,11.9646635,9.853662,8.987537
1976,اقصا,11.562301,10.693485,8.324669
1977,اثنتا,10.845653,11.230226,8.968787
1978,خلة,10.99604,11.883545,9.144351
1979,نوم,11.215224,12.365499,7.701932
1980,يابس,10.349167,11.399242,10.222187
1981,قر,9.777743,11.3328705,8.152763
1982,استمسك,11.985351,10.858735,7.610141
1983,مفاتح,11.7707815,11.819561,9.137617
1984,فج,10.344028,11.408353,7.448827
1985,اتراب,10.2783575,12.042744,8.194827
1986,ارتضى,9.792161,11.986011,7.19728
1987,طرد,9.934924,11.450226,6.909903
1988,يصدف,8.578185,11.148821,7.8686824
1989,مبلسون,10.503331,12.214309,8.954113
1990,يمن,11.803909,10.095813,7.612016
1991,طار,7.733344,12.228994,8.444199
1992,فاعبدون,12.3464575,10.251227,7.9369845
1993,افرغ,8.795157,11.415116,8.853796
1994,رمان,9.002359,12.795163,8.803062
1995,مذموم,9.178605,11.973772,7.6512794
1996,مضغة,10.076142,12.331858,6.187973
1997,مولود,11.778154,11.671855,9.23961
1998,حرير,8.33,13.212846,8.877792
1999,اردتم,10.633471,12.476665,8.008124
2000,ءاتيتم,11.490088,11.593862,8.398134
2001,ممات,9.938249,12.10517,8.759807
2002,ألهى,12.131288,10.475268,9.345685
2003,عقدة,10.711796,11.298699,7.549006
2004,اختلط,10.123611,12.399827,6.3567777
2005,مهطعين,8.655087,12.765746,8.24983
2006,انش,8.059977,13.155143,8.482032
2007,طائف,11.082794,11.368063,8.287034
2008,استخلف,11.017436,11.9921875,7.5149617
2009,خرق,11.369819,11.735084,5.898401
2010,وءال,11.603266,10.557052,8.333229
2011,يمعشر,9.76464,11.723626,6.6539702
2012,كانما,9.164892,12.707388,8.338757
2013,بارئ,10.188852,11.101537,6.5130014
2014,اسمعيل,12.621208,10.441553,7.771262
2015,فاجعل,12.983988,9.283087,9.627115
2016,جالوت,10.771544,12.276245,8.66194
2017,يخرصون,9.571647,11.62876,6.747171
2018,جعلنك,10.48798,11.529125,6.912643
2019,ولنجزينهم,9.805651,12.578056,10.116842
2020,سلوى,12.012734,10.821261,9.725472
2021,طئر,10.3379965,11.246356,7.8546767
2022,مبدل,11.40193,10.071708,8.168513
2023,اتمم,9.671555,11.516867,7.3971033
2024,احبار,12.689403,10.159474,9.742022
2025,رسالة,11.998564,9.898237,8.709784
2026,عدوة,9.01914,11.885952,9.183237
2027,وابل,8.102176,12.913743,8.184844
2028,ساحر,11.890412,10.66234,8.610831
2029,انبئكم,12.159979,10.429996,8.884412
2030,تفجر,9.651657,12.659707,8.692666
2031,تيمم,10.476466,12.539128,8.549962
2032,نفقة,10.827484,11.247072,9.702981
2033,شتى,9.481446,11.559791,7.942903
2034,اعطى,10.440185,11.577924,7.214309
2035,اولا,10.716865,11.896156,9.475987
2036,مقسط,11.18081,10.642746,7.625674
2037,عصم,11.728897,10.69515,8.327485
2038,سحت,10.591225,11.847969,8.321564
2039,أنكر,12.870592,9.699929,9.205377
2040,ادل,10.521931,11.556619,10.232622
2041,يويلتى,9.823021,11.710974,6.6878667
2042,طوى,11.310577,11.296252,7.756657
2043,واق,7.3012624,11.832836,8.3767805
2044,تاس,11.4866905,10.114601,8.170809
2045,مقدس,10.3759365,12.438775,8.579608
2046,احط,9.068605,11.642128,8.778635
2047,اعدل,12.037078,11.009568,9.674501
2048,ءانست,7.2292547,11.524252,9.080499
2049,ترقب,11.626012,9.753405,8.545452
2050,اثر,9.1385355,11.5440035,8.103909
2051,نزغ,12.491197,11.012328,7.9119473
2052,انشا,9.9397745,12.17291,6.176503
2053,فسبحن,10.020094,11.706645,6.8266335
2054,وقف,8.008908,11.572409,8.305977
2055,ينهون,8.021477,11.955252,8.236226
2056,يفقهوه,10.9282675,10.977714,9.867591
2057,ءاتينكم,9.097891,11.767917,7.952085
2058,امو,8.793813,11.463345,7.2161984
2059,يمسسك,10.136814,11.326256,6.603816
2060,معيشة,6.5640063,11.693222,8.588983
2061,قرد,9.68556,12.259191,8.565493
2062,حدث,11.63243,10.573467,9.06687
2063,استهزئ,9.862554,11.6596,8.032516
2064,فاهلكنهم,8.728835,11.5503025,8.663046
2065,وصم,9.511134,11.486276,6.7899303
2066,مدرار,10.294621,12.590351,5.8288116
2067,اجلا,11.122937,11.702206,5.763394
2068,ردى,9.54068,11.517859,8.341875
2069,أقسم,11.800678,11.177896,7.793602
2070,افعل,10.930924,11.1852255,7.4455137
2071,اف,12.631471,10.825602,8.396829
2072,سيارة,11.717598,11.166316,8.157469
2073,رئاء,10.488794,11.0024395,10.470073
2074,تخشو,9.681943,11.290089,8.519973
2075,ذلول,10.175589,11.63759,7.5698256
2076,أثار,11.062332,12.170341,8.049722
2077,متشبه,10.667383,11.324356,9.824465
